Provincias;Sexo;Periodo;Total
02 Albacete;Hombres;2021;193.205
02 Albacete;Hombres;2020;194.081
02 Albacete;Hombres;2019;193.911
02 Albacete;Hombres;2018;194.158
02 Albacete;Hombres;2017;194.743
02 Albacete;Hombres;2016;195.841
02 Albacete;Hombres;2015;197.014
02 Albacete;Hombres;2014;198.230
02 Albacete;Hombres;2013;200.016
02 Albacete;Hombres;2012;201.640
02 Albacete;Hombres;2011;201.400
02 Albacete;Hombres;2010;201.396
02 Albacete;Hombres;2009;201.162
02 Albacete;Hombres;2008;199.820
02 Albacete;Hombres;2007;196.772
02 Albacete;Hombres;2006;194.348
02 Albacete;Hombres;2005;192.624
02 Albacete;Hombres;2004;189.743
02 Albacete;Hombres;2003;188.139
02 Albacete;Hombres;2002;185.458
02 Albacete;Hombres;2001;182.826
02 Albacete;Hombres;2000;180.311
02 Albacete;Hombres;1999;179.210
02 Albacete;Hombres;1998;178.058
02 Albacete;Hombres;1997;""
02 Albacete;Hombres;1996;178.130
02 Albacete;Mujeres;2021;193.259
02 Albacete;Mujeres;2020;194.189
02 Albacete;Mujeres;2019;194.256
02 Albacete;Mujeres;2018;194.628
02 Albacete;Mujeres;2017;195.289
02 Albacete;Mujeres;2016;196.277
02 Albacete;Mujeres;2015;197.566
02 Albacete;Mujeres;2014;198.757
02 Albacete;Mujeres;2013;199.991
02 Albacete;Mujeres;2012;201.197
02 Albacete;Mujeres;2011;200.918
02 Albacete;Mujeres;2010;200.286
02 Albacete;Mujeres;2009;199.729
02 Albacete;Mujeres;2008;197.673
02 Albacete;Mujeres;2007;195.338
02 Albacete;Mujeres;2006;193.310
02 Albacete;Mujeres;2005;192.016
02 Albacete;Mujeres;2004;189.705
02 Albacete;Mujeres;2003;188.417
02 Albacete;Mujeres;2002;186.329
02 Albacete;Mujeres;2001;184.457
02 Albacete;Mujeres;2000;182.952
02 Albacete;Mujeres;1999;181.811
02 Albacete;Mujeres;1998;180.539
02 Albacete;Mujeres;1997;""
02 Albacete;Mujeres;1996;180.880
03 Alicante/Alacant;Hombres;2021;932.018
03 Alicante/Alacant;Hombres;2020;931.856
03 Alicante/Alacant;Hombres;2019;920.915
03 Alicante/Alacant;Hombres;2018;911.097
03 Alicante/Alacant;Hombres;2017;904.711
03 Alicante/Alacant;Hombres;2016;911.173
03 Alicante/Alacant;Hombres;2015;920.920
03 Alicante/Alacant;Hombres;2014;928.519
03 Alicante/Alacant;Hombres;2013;968.927
03 Alicante/Alacant;Hombres;2012;969.237
03 Alicante/Alacant;Hombres;2011;964.560
03 Alicante/Alacant;Hombres;2010;961.733
03 Alicante/Alacant;Hombres;2009;958.200
03 Alicante/Alacant;Hombres;2008;947.523
03 Alicante/Alacant;Hombres;2007;913.455
03 Alicante/Alacant;Hombres;2006;892.862
03 Alicante/Alacant;Hombres;2005;866.000
03 Alicante/Alacant;Hombres;2004;825.568
03 Alicante/Alacant;Hombres;2003;811.672
03 Alicante/Alacant;Hombres;2002;772.613
03 Alicante/Alacant;Hombres;2001;735.179
03 Alicante/Alacant;Hombres;2000;710.896
03 Alicante/Alacant;Hombres;1999;693.933
03 Alicante/Alacant;Hombres;1998;682.380
03 Alicante/Alacant;Hombres;1997;""
03 Alicante/Alacant;Hombres;1996;677.118
03 Alicante/Alacant;Mujeres;2021;949.744
03 Alicante/Alacant;Mujeres;2020;948.032
03 Alicante/Alacant;Mujeres;2019;937.768
03 Alicante/Alacant;Mujeres;2018;927.722
03 Alicante/Alacant;Mujeres;2017;920.621
03 Alicante/Alacant;Mujeres;2016;925.286
03 Alicante/Alacant;Mujeres;2015;934.127
03 Alicante/Alacant;Mujeres;2014;939.919
03 Alicante/Alacant;Mujeres;2013;976.715
03 Alicante/Alacant;Mujeres;2012;974.673
03 Alicante/Alacant;Mujeres;2011;969.567
03 Alicante/Alacant;Mujeres;2010;964.552
03 Alicante/Alacant;Mujeres;2009;958.812
03 Alicante/Alacant;Mujeres;2008;943.954
03 Alicante/Alacant;Mujeres;2007;911.809
03 Alicante/Alacant;Mujeres;2006;890.693
03 Alicante/Alacant;Mujeres;2005;866.389
03 Alicante/Alacant;Mujeres;2004;831.472
03 Alicante/Alacant;Mujeres;2003;820.677
03 Alicante/Alacant;Mujeres;2002;785.355
03 Alicante/Alacant;Mujeres;2001;755.086
03 Alicante/Alacant;Mujeres;2000;734.248
03 Alicante/Alacant;Mujeres;1999;717.013
03 Alicante/Alacant;Mujeres;1998;706.553
03 Alicante/Alacant;Mujeres;1997;""
03 Alicante/Alacant;Mujeres;1996;702.644
04 Almería;Hombres;2021;373.136
04 Almería;Hombres;2020;371.558
04 Almería;Hombres;2019;365.701
04 Almería;Hombres;2018;361.319
04 Almería;Hombres;2017;359.676
04 Almería;Hombres;2016;358.223
04 Almería;Hombres;2015;356.058
04 Almería;Hombres;2014;356.663
04 Almería;Hombres;2013;355.658
04 Almería;Hombres;2012;359.547
04 Almería;Hombres;2011;361.189
04 Almería;Hombres;2010;358.112
04 Almería;Hombres;2009;352.395
04 Almería;Hombres;2008;343.716
04 Almería;Hombres;2007;333.227
04 Almería;Hombres;2006;329.632
04 Almería;Hombres;2005;315.056
04 Almería;Hombres;2004;294.186
04 Almería;Hombres;2003;287.292
04 Almería;Hombres;2002;276.380
04 Almería;Hombres;2001;269.545
04 Almería;Hombres;2000;259.384
04 Almería;Hombres;1999;256.380
04 Almería;Hombres;1998;252.177
04 Almería;Hombres;1997;""
04 Almería;Hombres;1996;250.552
04 Almería;Mujeres;2021;358.656
04 Almería;Mujeres;2020;356.387
04 Almería;Mujeres;2019;351.119
04 Almería;Mujeres;2018;348.021
04 Almería;Mujeres;2017;346.996
04 Almería;Mujeres;2016;346.074
04 Almería;Mujeres;2015;345.153
04 Almería;Mujeres;2014;345.025
04 Almería;Mujeres;2013;343.671
04 Almería;Mujeres;2012;344.672
04 Almería;Mujeres;2011;341.630
04 Almería;Mujeres;2010;337.448
04 Almería;Mujeres;2009;332.031
04 Almería;Mujeres;2008;323.919
04 Almería;Mujeres;2007;313.406
04 Almería;Mujeres;2006;306.218
04 Almería;Mujeres;2005;297.259
04 Almería;Mujeres;2004;285.891
04 Almería;Mujeres;2003;278.018
04 Almería;Mujeres;2002;270.118
04 Almería;Mujeres;2001;263.623
04 Almería;Mujeres;2000;258.845
04 Almería;Mujeres;1999;256.463
04 Almería;Mujeres;1998;253.271
04 Almería;Mujeres;1997;""
04 Almería;Mujeres;1996;251.209
01 Araba/Álava;Hombres;2021;164.252
01 Araba/Álava;Hombres;2020;164.524
01 Araba/Álava;Hombres;2019;163.499
01 Araba/Álava;Hombres;2018;162.175
01 Araba/Álava;Hombres;2017;161.354
01 Araba/Álava;Hombres;2016;160.240
01 Araba/Álava;Hombres;2015;160.294
01 Araba/Álava;Hombres;2014;159.583
01 Araba/Álava;Hombres;2013;159.622
01 Araba/Álava;Hombres;2012;160.649
01 Araba/Álava;Hombres;2011;159.041
01 Araba/Álava;Hombres;2010;158.322
01 Araba/Álava;Hombres;2009;156.418
01 Araba/Álava;Hombres;2008;154.376
01 Araba/Álava;Hombres;2007;152.040
01 Araba/Álava;Hombres;2006;150.297
01 Araba/Álava;Hombres;2005;149.623
01 Araba/Álava;Hombres;2004;147.475
01 Araba/Álava;Hombres;2003;146.651
01 Araba/Álava;Hombres;2002;145.251
01 Araba/Álava;Hombres;2001;143.579
01 Araba/Álava;Hombres;2000;142.269
01 Araba/Álava;Hombres;1999;141.900
01 Araba/Álava;Hombres;1998;141.350
01 Araba/Álava;Hombres;1997;""
01 Araba/Álava;Hombres;1996;139.940
01 Araba/Álava;Mujeres;2021;169.374
01 Araba/Álava;Mujeres;2020;169.416
01 Araba/Álava;Mujeres;2019;168.050
01 Araba/Álava;Mujeres;2018;166.693
01 Araba/Álava;Mujeres;2017;165.220
01 Araba/Álava;Mujeres;2016;163.886
01 Araba/Álava;Mujeres;2015;163.354
01 Araba/Álava;Mujeres;2014;162.349
01 Araba/Álava;Mujeres;2013;161.795
01 Araba/Álava;Mujeres;2012;161.908
01 Araba/Álava;Mujeres;2011;160.186
01 Araba/Álava;Mujeres;2010;159.030
01 Araba/Álava;Mujeres;2009;157.401
01 Araba/Álava;Mujeres;2008;155.259
01 Araba/Álava;Mujeres;2007;153.419
01 Araba/Álava;Mujeres;2006;151.629
01 Araba/Álava;Mujeres;2005;150.334
01 Araba/Álava;Mujeres;2004;148.430
01 Araba/Álava;Mujeres;2003;147.709
01 Araba/Álava;Mujeres;2002;146.609
01 Araba/Álava;Mujeres;2001;145.214
01 Araba/Álava;Mujeres;2000;144.228
01 Araba/Álava;Mujeres;1999;143.848
01 Araba/Álava;Mujeres;1998;143.245
01 Araba/Álava;Mujeres;1997;""
01 Araba/Álava;Mujeres;1996;141.881
33 Asturias;Hombres;2021;482.665
33 Asturias;Hombres;2020;486.066
33 Asturias;Hombres;2019;488.137
33 Asturias;Hombres;2018;490.738
33 Asturias;Hombres;2017;493.911
33 Asturias;Hombres;2016;497.852
33 Asturias;Hombres;2015;502.175
33 Asturias;Hombres;2014;507.927
33 Asturias;Hombres;2013;511.346
33 Asturias;Hombres;2012;516.420
33 Asturias;Hombres;2011;518.571
33 Asturias;Hombres;2010;520.402
33 Asturias;Hombres;2009;520.916
33 Asturias;Hombres;2008;518.291
33 Asturias;Hombres;2007;515.292
33 Asturias;Hombres;2006;516.347
33 Asturias;Hombres;2005;516.329
33 Asturias;Hombres;2004;515.047
33 Asturias;Hombres;2003;515.945
33 Asturias;Hombres;2002;515.166
33 Asturias;Hombres;2001;515.897
33 Asturias;Hombres;2000;516.398
33 Asturias;Hombres;1999;520.012
33 Asturias;Hombres;1998;519.530
33 Asturias;Hombres;1997;""
33 Asturias;Hombres;1996;522.981
33 Asturias;Mujeres;2021;529.127
33 Asturias;Mujeres;2020;532.718
33 Asturias;Mujeres;2019;534.663
33 Asturias;Mujeres;2018;537.506
33 Asturias;Mujeres;2017;541.049
33 Asturias;Mujeres;2016;544.756
33 Asturias;Mujeres;2015;549.054
33 Asturias;Mujeres;2014;553.829
33 Asturias;Mujeres;2013;556.819
33 Asturias;Mujeres;2012;560.940
33 Asturias;Mujeres;2011;562.916
33 Asturias;Mujeres;2010;563.939
33 Asturias;Mujeres;2009;564.373
33 Asturias;Mujeres;2008;561.847
33 Asturias;Mujeres;2007;559.570
33 Asturias;Mujeres;2006;560.549
33 Asturias;Mujeres;2005;560.306
33 Asturias;Mujeres;2004;558.714
33 Asturias;Mujeres;2003;559.436
33 Asturias;Mujeres;2002;558.805
33 Asturias;Mujeres;2001;559.432
33 Asturias;Mujeres;2000;560.169
33 Asturias;Mujeres;1999;564.302
33 Asturias;Mujeres;1998;562.304
33 Asturias;Mujeres;1997;""
33 Asturias;Mujeres;1996;564.904
05 Ávila;Hombres;2021;79.562
05 Ávila;Hombres;2020;79.109
05 Ávila;Hombres;2019;79.071
05 Ávila;Hombres;2018;79.538
05 Ávila;Hombres;2017;80.674
05 Ávila;Hombres;2016;81.630
05 Ávila;Hombres;2015;82.880
05 Ávila;Hombres;2014;83.998
05 Ávila;Hombres;2013;85.025
05 Ávila;Hombres;2012;86.434
05 Ávila;Hombres;2011;87.085
05 Ávila;Hombres;2010;86.728
05 Ávila;Hombres;2009;86.720
05 Ávila;Hombres;2008;86.836
05 Ávila;Hombres;2007;84.897
05 Ávila;Hombres;2006;84.290
05 Ávila;Hombres;2005;83.941
05 Ávila;Hombres;2004;83.393
05 Ávila;Hombres;2003;83.036
05 Ávila;Hombres;2002;82.951
05 Ávila;Hombres;2001;82.297
05 Ávila;Hombres;2000;82.790
05 Ávila;Hombres;1999;83.441
05 Ávila;Hombres;1998;84.013
05 Ávila;Hombres;1997;""
05 Ávila;Hombres;1996;85.007
05 Ávila;Mujeres;2021;78.859
05 Ávila;Mujeres;2020;78.555
05 Ávila;Mujeres;2019;78.569
05 Ávila;Mujeres;2018;78.960
05 Ávila;Mujeres;2017;80.026
05 Ávila;Mujeres;2016;80.884
05 Ávila;Mujeres;2015;82.045
05 Ávila;Mujeres;2014;83.017
05 Ávila;Mujeres;2013;83.800
05 Ávila;Mujeres;2012;84.831
05 Ávila;Mujeres;2011;85.619
05 Ávila;Mujeres;2010;85.168
05 Ávila;Mujeres;2009;84.960
05 Ávila;Mujeres;2008;84.979
05 Ávila;Mujeres;2007;83.741
05 Ávila;Mujeres;2006;83.528
05 Ávila;Mujeres;2005;83.091
05 Ávila;Mujeres;2004;82.715
05 Ávila;Mujeres;2003;82.444
05 Ávila;Mujeres;2002;82.187
05 Ávila;Mujeres;2001;81.588
05 Ávila;Mujeres;2000;82.201
05 Ávila;Mujeres;1999;82.818
05 Ávila;Mujeres;1998;83.119
05 Ávila;Mujeres;1997;""
05 Ávila;Mujeres;1996;84.335
06 Badajoz;Hombres;2021;331.025
06 Badajoz;Hombres;2020;332.204
06 Badajoz;Hombres;2019;333.112
06 Badajoz;Hombres;2018;334.636
06 Badajoz;Hombres;2017;336.566
06 Badajoz;Hombres;2016;338.954
06 Badajoz;Hombres;2015;340.376
06 Badajoz;Hombres;2014;342.654
06 Badajoz;Hombres;2013;344.296
06 Badajoz;Hombres;2012;344.690
06 Badajoz;Hombres;2011;344.291
06 Badajoz;Hombres;2010;343.363
06 Badajoz;Hombres;2009;341.912
06 Badajoz;Hombres;2008;340.243
06 Badajoz;Hombres;2007;336.211
06 Badajoz;Hombres;2006;333.759
06 Badajoz;Hombres;2005;332.481
06 Badajoz;Hombres;2004;328.519
06 Badajoz;Hombres;2003;327.802
06 Badajoz;Hombres;2002;327.691
06 Badajoz;Hombres;2001;328.427
06 Badajoz;Hombres;2000;327.198
06 Badajoz;Hombres;1999;328.541
06 Badajoz;Hombres;1998;328.160
06 Badajoz;Hombres;1997;""
06 Badajoz;Hombres;1996;324.765
06 Badajoz;Mujeres;2021;338.918
06 Badajoz;Mujeres;2020;339.933
06 Badajoz;Mujeres;2019;340.447
06 Badajoz;Mujeres;2018;341.740
06 Badajoz;Mujeres;2017;343.318
06 Badajoz;Mujeres;2016;345.159
06 Badajoz;Mujeres;2015;346.354
06 Badajoz;Mujeres;2014;348.275
06 Badajoz;Mujeres;2013;349.433
06 Badajoz;Mujeres;2012;349.843
06 Badajoz;Mujeres;2011;349.630
06 Badajoz;Mujeres;2010;348.774
06 Badajoz;Mujeres;2009;346.865
06 Badajoz;Mujeres;2008;345.003
06 Badajoz;Mujeres;2007;342.248
06 Badajoz;Mujeres;2006;339.715
06 Badajoz;Mujeres;2005;338.818
06 Badajoz;Mujeres;2004;335.377
06 Badajoz;Mujeres;2003;335.340
06 Badajoz;Mujeres;2002;335.117
06 Badajoz;Mujeres;2001;335.824
06 Badajoz;Mujeres;2000;334.676
06 Badajoz;Mujeres;1999;336.084
06 Badajoz;Mujeres;1998;335.643
06 Badajoz;Mujeres;1997;""
06 Badajoz;Mujeres;1996;332.083
07 Balears, Illes;Hombres;2021;584.853
07 Balears, Illes;Hombres;2020;584.298
07 Balears, Illes;Hombres;2019;572.757
07 Balears, Illes;Hombres;2018;561.803
07 Balears, Illes;Hombres;2017;554.925
07 Balears, Illes;Hombres;2016;550.682
07 Balears, Illes;Hombres;2015;549.678
07 Balears, Illes;Hombres;2014;549.801
07 Balears, Illes;Hombres;2013;554.603
07 Balears, Illes;Hombres;2012;560.091
07 Balears, Illes;Hombres;2011;557.577
07 Balears, Illes;Hombres;2010;555.204
07 Balears, Illes;Hombres;2009;551.079
07 Balears, Illes;Hombres;2008;540.395
07 Balears, Illes;Hombres;2007;517.593
07 Balears, Illes;Hombres;2006;501.899
07 Balears, Illes;Hombres;2005;492.642
07 Balears, Illes;Hombres;2004;478.046
07 Balears, Illes;Hombres;2003;474.248
07 Balears, Illes;Hombres;2002;458.349
07 Balears, Illes;Hombres;2001;437.340
07 Balears, Illes;Hombres;2000;419.095
07 Balears, Illes;Hombres;1999;406.358
07 Balears, Illes;Hombres;1998;392.835
07 Balears, Illes;Hombres;1997;""
07 Balears, Illes;Hombres;1996;373.891
07 Balears, Illes;Mujeres;2021;588.155
07 Balears, Illes;Mujeres;2020;587.245
07 Balears, Illes;Mujeres;2019;576.703
07 Balears, Illes;Mujeres;2018;567.105
07 Balears, Illes;Mujeres;2017;561.074
07 Balears, Illes;Mujeres;2016;556.538
07 Balears, Illes;Mujeres;2015;554.801
07 Balears, Illes;Mujeres;2014;553.641
07 Balears, Illes;Mujeres;2013;557.071
07 Balears, Illes;Mujeres;2012;559.348
07 Balears, Illes;Mujeres;2011;555.537
07 Balears, Illes;Mujeres;2010;550.845
07 Balears, Illes;Mujeres;2009;544.347
07 Balears, Illes;Mujeres;2008;532.449
07 Balears, Illes;Mujeres;2007;513.057
07 Balears, Illes;Mujeres;2006;499.163
07 Balears, Illes;Mujeres;2005;490.489
07 Balears, Illes;Mujeres;2004;476.999
07 Balears, Illes;Mujeres;2003;473.113
07 Balears, Illes;Mujeres;2002;458.619
07 Balears, Illes;Mujeres;2001;441.287
07 Balears, Illes;Mujeres;2000;426.535
07 Balears, Illes;Mujeres;1999;415.462
07 Balears, Illes;Mujeres;1998;403.648
07 Balears, Illes;Mujeres;1997;""
07 Balears, Illes;Mujeres;1996;386.488
08 Barcelona;Hombres;2021;2.791.250
08 Barcelona;Hombres;2020;2.804.316
08 Barcelona;Hombres;2019;2.762.689
08 Barcelona;Hombres;2018;2.733.466
08 Barcelona;Hombres;2017;2.718.621
08 Barcelona;Hombres;2016;2.704.771
08 Barcelona;Hombres;2015;2.696.360
08 Barcelona;Hombres;2014;2.699.040
08 Barcelona;Hombres;2013;2.711.403
08 Barcelona;Hombres;2012;2.722.394
08 Barcelona;Hombres;2011;2.715.628
08 Barcelona;Hombres;2010;2.710.304
08 Barcelona;Hombres;2009;2.703.137
08 Barcelona;Hombres;2008;2.668.359
08 Barcelona;Hombres;2007;2.623.719
08 Barcelona;Hombres;2006;2.615.776
08 Barcelona;Hombres;2005;2.571.514
08 Barcelona;Hombres;2004;2.512.246
08 Barcelona;Hombres;2003;2.479.347
08 Barcelona;Hombres;2002;2.398.899
08 Barcelona;Hombres;2001;2.337.968
08 Barcelona;Hombres;2000;2.299.291
08 Barcelona;Hombres;1999;2.283.548
08 Barcelona;Hombres;1998;2.261.746
08 Barcelona;Hombres;1997;""
08 Barcelona;Hombres;1996;2.246.945
08 Barcelona;Mujeres;2021;2.923.480
08 Barcelona;Mujeres;2020;2.939.086
08 Barcelona;Mujeres;2019;2.901.890
08 Barcelona;Mujeres;2018;2.875.884
08 Barcelona;Mujeres;2017;2.857.416
08 Barcelona;Mujeres;2016;2.837.909
08 Barcelona;Mujeres;2015;2.827.562
08 Barcelona;Mujeres;2014;2.824.744
08 Barcelona;Mujeres;2013;2.829.522
08 Barcelona;Mujeres;2012;2.829.656
08 Barcelona;Mujeres;2011;2.813.471
08 Barcelona;Mujeres;2010;2.800.843
08 Barcelona;Mujeres;2009;2.784.798
08 Barcelona;Mujeres;2008;2.748.088
08 Barcelona;Mujeres;2007;2.708.794
08 Barcelona;Mujeres;2006;2.693.628
08 Barcelona;Mujeres;2005;2.654.840
08 Barcelona;Mujeres;2004;2.605.639
08 Barcelona;Mujeres;2003;2.573.319
08 Barcelona;Mujeres;2002;2.507.218
08 Barcelona;Mujeres;2001;2.466.638
08 Barcelona;Mujeres;2000;2.436.986
08 Barcelona;Mujeres;1999;2.422.777
08 Barcelona;Mujeres;1998;2.404.525
08 Barcelona;Mujeres;1997;""
08 Barcelona;Mujeres;1996;2.381.332
48 Bizkaia;Hombres;2021;557.416
48 Bizkaia;Hombres;2020;559.798
48 Bizkaia;Hombres;2019;556.212
48 Bizkaia;Hombres;2018;554.879
48 Bizkaia;Hombres;2017;554.289
48 Bizkaia;Hombres;2016;554.342
48 Bizkaia;Hombres;2015;554.832
48 Bizkaia;Hombres;2014;556.772
48 Bizkaia;Hombres;2013;559.573
48 Bizkaia;Hombres;2012;561.134
48 Bizkaia;Hombres;2011;560.178
48 Bizkaia;Hombres;2010;559.359
48 Bizkaia;Hombres;2009;559.174
48 Bizkaia;Hombres;2008;556.095
48 Bizkaia;Hombres;2007;553.355
48 Bizkaia;Hombres;2006;553.501
48 Bizkaia;Hombres;2005;552.297
48 Bizkaia;Hombres;2004;550.836
48 Bizkaia;Hombres;2003;551.266
48 Bizkaia;Hombres;2002;551.288
48 Bizkaia;Hombres;2001;550.802
48 Bizkaia;Hombres;2000;550.880
48 Bizkaia;Hombres;1999;553.548
48 Bizkaia;Hombres;1998;553.761
48 Bizkaia;Hombres;1997;""
48 Bizkaia;Hombres;1996;555.274
48 Bizkaia;Mujeres;2021;596.918
48 Bizkaia;Mujeres;2020;599.645
48 Bizkaia;Mujeres;2019;596.439
48 Bizkaia;Mujeres;2018;594.749
48 Bizkaia;Mujeres;2017;594.013
48 Bizkaia;Mujeres;2016;593.234
48 Bizkaia;Mujeres;2015;593.943
48 Bizkaia;Mujeres;2014;595.133
48 Bizkaia;Mujeres;2013;596.874
48 Bizkaia;Mujeres;2012;597.305
48 Bizkaia;Mujeres;2011;595.594
48 Bizkaia;Mujeres;2010;594.365
48 Bizkaia;Mujeres;2009;593.484
48 Bizkaia;Mujeres;2008;590.326
48 Bizkaia;Mujeres;2007;588.102
48 Bizkaia;Mujeres;2006;586.362
48 Bizkaia;Mujeres;2005;583.884
48 Bizkaia;Mujeres;2004;582.025
48 Bizkaia;Mujeres;2003;582.162
48 Bizkaia;Mujeres;2002;582.156
48 Bizkaia;Mujeres;2001;581.814
48 Bizkaia;Mujeres;2000;581.849
48 Bizkaia;Mujeres;1999;583.870
48 Bizkaia;Mujeres;1998;583.833
48 Bizkaia;Mujeres;1997;""
48 Bizkaia;Mujeres;1996;584.752
09 Burgos;Hombres;2021;177.920
09 Burgos;Hombres;2020;178.578
09 Burgos;Hombres;2019;178.230
09 Burgos;Hombres;2018;178.337
09 Burgos;Hombres;2017;178.919
09 Burgos;Hombres;2016;180.418
09 Burgos;Hombres;2015;182.142
09 Burgos;Hombres;2014;183.882
09 Burgos;Hombres;2013;186.638
09 Burgos;Hombres;2012;189.124
09 Burgos;Hombres;2011;189.652
09 Burgos;Hombres;2010;189.454
09 Burgos;Hombres;2009;190.271
09 Burgos;Hombres;2008;189.675
09 Burgos;Hombres;2007;184.713
09 Burgos;Hombres;2006;183.355
09 Burgos;Hombres;2005;181.610
09 Burgos;Hombres;2004;178.943
09 Burgos;Hombres;2003;178.140
09 Burgos;Hombres;2002;176.770
09 Burgos;Hombres;2001;175.237
09 Burgos;Hombres;2000;173.695
09 Burgos;Hombres;1999;173.729
09 Burgos;Hombres;1998;173.195
09 Burgos;Hombres;1997;""
09 Burgos;Hombres;1996;175.247
09 Burgos;Mujeres;2021;178.135
09 Burgos;Mujeres;2020;179.072
09 Burgos;Mujeres;2019;178.728
09 Burgos;Mujeres;2018;178.733
09 Burgos;Mujeres;2017;179.252
09 Burgos;Mujeres;2016;180.577
09 Burgos;Mujeres;2015;181.860
09 Burgos;Mujeres;2014;183.018
09 Burgos;Mujeres;2013;184.610
09 Burgos;Mujeres;2012;185.846
09 Burgos;Mujeres;2011;186.005
09 Burgos;Mujeres;2010;185.372
09 Burgos;Mujeres;2009;185.292
09 Burgos;Mujeres;2008;183.997
09 Burgos;Mujeres;2007;181.259
09 Burgos;Mujeres;2006;180.519
09 Burgos;Mujeres;2005;179.411
09 Burgos;Mujeres;2004;177.494
09 Burgos;Mujeres;2003;177.065
09 Burgos;Mujeres;2002;175.953
09 Burgos;Mujeres;2001;174.573
09 Burgos;Mujeres;2000;173.545
09 Burgos;Mujeres;1999;173.489
09 Burgos;Mujeres;1998;173.160
09 Burgos;Mujeres;1997;""
09 Burgos;Mujeres;1996;174.827
10 Cáceres;Hombres;2021;192.951
10 Cáceres;Hombres;2020;194.084
10 Cáceres;Hombres;2019;195.388
10 Cáceres;Hombres;2018;196.619
10 Cáceres;Hombres;2017;198.494
10 Cáceres;Hombres;2016;200.285
10 Cáceres;Hombres;2015;201.702
10 Cáceres;Hombres;2014;202.962
10 Cáceres;Hombres;2013;203.758
10 Cáceres;Hombres;2012;205.634
10 Cáceres;Hombres;2011;206.573
10 Cáceres;Hombres;2010;206.358
10 Cáceres;Hombres;2009;205.638
10 Cáceres;Hombres;2008;205.949
10 Cáceres;Hombres;2007;205.481
10 Cáceres;Hombres;2006;206.593
10 Cáceres;Hombres;2005;206.744
10 Cáceres;Hombres;2004;206.185
10 Cáceres;Hombres;2003;206.089
10 Cáceres;Hombres;2002;205.848
10 Cáceres;Hombres;2001;205.195
10 Cáceres;Hombres;2000;203.946
10 Cáceres;Hombres;1999;204.965
10 Cáceres;Hombres;1998;202.834
10 Cáceres;Hombres;1997;""
10 Cáceres;Hombres;1996;205.735
10 Cáceres;Mujeres;2021;196.607
10 Cáceres;Mujeres;2020;197.766
10 Cáceres;Mujeres;2019;198.763
10 Cáceres;Mujeres;2018;199.868
10 Cáceres;Mujeres;2017;201.542
10 Cáceres;Mujeres;2016;203.380
10 Cáceres;Mujeres;2015;204.565
10 Cáceres;Mujeres;2014;205.741
10 Cáceres;Mujeres;2013;206.517
10 Cáceres;Mujeres;2012;207.963
10 Cáceres;Mujeres;2011;208.873
10 Cáceres;Mujeres;2010;208.725
10 Cáceres;Mujeres;2009;207.995
10 Cáceres;Mujeres;2008;206.549
10 Cáceres;Mujeres;2007;206.050
10 Cáceres;Mujeres;2006;206.306
10 Cáceres;Mujeres;2005;205.836
10 Cáceres;Mujeres;2004;205.205
10 Cáceres;Mujeres;2003;204.673
10 Cáceres;Mujeres;2002;204.394
10 Cáceres;Mujeres;2001;203.935
10 Cáceres;Mujeres;2000;203.600
10 Cáceres;Mujeres;1999;203.984
10 Cáceres;Mujeres;1998;202.782
10 Cáceres;Mujeres;1997;""
10 Cáceres;Mujeres;1996;207.661
11 Cádiz;Hombres;2021;614.084
11 Cádiz;Hombres;2020;613.561
11 Cádiz;Hombres;2019;611.791
11 Cádiz;Hombres;2018;611.357
11 Cádiz;Hombres;2017;612.191
11 Cádiz;Hombres;2016;612.858
11 Cádiz;Hombres;2015;613.094
11 Cádiz;Hombres;2014;613.340
11 Cádiz;Hombres;2013;612.770
11 Cádiz;Hombres;2012;616.686
11 Cádiz;Hombres;2011;615.865
11 Cádiz;Hombres;2010;612.833
11 Cádiz;Hombres;2009;609.984
11 Cádiz;Hombres;2008;608.616
11 Cádiz;Hombres;2007;601.832
11 Cádiz;Hombres;2006;594.647
11 Cádiz;Hombres;2005;587.700
11 Cádiz;Hombres;2004;578.939
11 Cádiz;Hombres;2003;573.992
11 Cádiz;Hombres;2002;566.033
11 Cádiz;Hombres;2001;561.330
11 Cádiz;Hombres;2000;557.963
11 Cádiz;Hombres;1999;555.684
11 Cádiz;Hombres;1998;549.120
11 Cádiz;Hombres;1997;""
11 Cádiz;Hombres;1996;548.263
11 Cádiz;Mujeres;2021;631.876
11 Cádiz;Mujeres;2020;630.488
11 Cádiz;Mujeres;2019;628.364
11 Cádiz;Mujeres;2018;627.357
11 Cádiz;Mujeres;2017;627.244
11 Cádiz;Mujeres;2016;627.031
11 Cádiz;Mujeres;2015;627.190
11 Cádiz;Mujeres;2014;626.835
11 Cádiz;Mujeres;2013;625.722
11 Cádiz;Mujeres;2012;628.478
11 Cádiz;Mujeres;2011;627.654
11 Cádiz;Mujeres;2010;623.906
11 Cádiz;Mujeres;2009;620.610
11 Cádiz;Mujeres;2008;611.851
11 Cádiz;Mujeres;2007;605.511
11 Cádiz;Mujeres;2006;599.415
11 Cádiz;Mujeres;2005;593.117
11 Cádiz;Mujeres;2004;585.435
11 Cádiz;Mujeres;2003;581.732
11 Cádiz;Mujeres;2002;574.760
11 Cádiz;Mujeres;2001;570.016
11 Cádiz;Mujeres;2000;567.142
11 Cádiz;Mujeres;1999;564.118
11 Cádiz;Mujeres;1998;558.364
11 Cádiz;Mujeres;1997;""
11 Cádiz;Mujeres;1996;557.499
39 Cantabria;Hombres;2021;283.378
39 Cantabria;Hombres;2020;282.559
39 Cantabria;Hombres;2019;281.801
39 Cantabria;Hombres;2018;281.564
39 Cantabria;Hombres;2017;281.808
39 Cantabria;Hombres;2016;282.988
39 Cantabria;Hombres;2015;284.788
39 Cantabria;Hombres;2014;286.782
39 Cantabria;Hombres;2013;288.643
39 Cantabria;Hombres;2012;289.999
39 Cantabria;Hombres;2011;289.872
39 Cantabria;Hombres;2010;289.931
39 Cantabria;Hombres;2009;288.735
39 Cantabria;Hombres;2008;285.469
39 Cantabria;Hombres;2007;280.283
39 Cantabria;Hombres;2006;277.869
39 Cantabria;Hombres;2005;274.797
39 Cantabria;Hombres;2004;270.907
39 Cantabria;Hombres;2003;268.309
39 Cantabria;Hombres;2002;264.492
39 Cantabria;Hombres;2001;261.967
39 Cantabria;Hombres;2000;258.682
39 Cantabria;Hombres;1999;257.495
39 Cantabria;Hombres;1998;256.766
39 Cantabria;Hombres;1997;""
39 Cantabria;Hombres;1996;256.946
39 Cantabria;Mujeres;2021;301.129
39 Cantabria;Mujeres;2020;300.346
39 Cantabria;Mujeres;2019;299.277
39 Cantabria;Mujeres;2018;298.665
39 Cantabria;Mujeres;2017;298.487
39 Cantabria;Mujeres;2016;299.218
39 Cantabria;Mujeres;2015;300.391
39 Cantabria;Mujeres;2014;301.874
39 Cantabria;Mujeres;2013;303.245
39 Cantabria;Mujeres;2012;303.862
39 Cantabria;Mujeres;2011;303.249
39 Cantabria;Mujeres;2010;302.319
39 Cantabria;Mujeres;2009;300.500
39 Cantabria;Mujeres;2008;296.669
39 Cantabria;Mujeres;2007;292.541
39 Cantabria;Mujeres;2006;290.222
39 Cantabria;Mujeres;2005;287.512
39 Cantabria;Mujeres;2004;283.877
39 Cantabria;Mujeres;2003;281.381
39 Cantabria;Mujeres;2002;277.783
39 Cantabria;Mujeres;2001;275.639
39 Cantabria;Mujeres;2000;272.477
39 Cantabria;Mujeres;1999;270.983
39 Cantabria;Mujeres;1998;270.371
39 Cantabria;Mujeres;1997;""
39 Cantabria;Mujeres;1996;270.491
12 Castellón/Castelló;Hombres;2021;291.415
12 Castellón/Castelló;Hombres;2020;290.799
12 Castellón/Castelló;Hombres;2019;288.077
12 Castellón/Castelló;Hombres;2018;286.359
12 Castellón/Castelló;Hombres;2017;285.467
12 Castellón/Castelló;Hombres;2016;287.802
12 Castellón/Castelló;Hombres;2015;289.720
12 Castellón/Castelló;Hombres;2014;292.804
12 Castellón/Castelló;Hombres;2013;300.992
12 Castellón/Castelló;Hombres;2012;302.927
12 Castellón/Castelló;Hombres;2011;302.855
12 Castellón/Castelló;Hombres;2010;303.490
12 Castellón/Castelló;Hombres;2009;303.460
12 Castellón/Castelló;Hombres;2008;299.829
12 Castellón/Castelló;Hombres;2007;288.079
12 Castellón/Castelló;Hombres;2006;281.340
12 Castellón/Castelló;Hombres;2005;272.714
12 Castellón/Castelló;Hombres;2004;264.099
12 Castellón/Castelló;Hombres;2003;259.437
12 Castellón/Castelló;Hombres;2002;250.410
12 Castellón/Castelló;Hombres;2001;241.143
12 Castellón/Castelló;Hombres;2000;235.070
12 Castellón/Castelló;Hombres;1999;231.578
12 Castellón/Castelló;Hombres;1998;228.231
12 Castellón/Castelló;Hombres;1997;""
12 Castellón/Castelló;Hombres;1996;225.406
12 Castellón/Castelló;Mujeres;2021;295.649
12 Castellón/Castelló;Mujeres;2020;294.791
12 Castellón/Castelló;Mujeres;2019;291.885
12 Castellón/Castelló;Mujeres;2018;290.539
12 Castellón/Castelló;Mujeres;2017;290.003
12 Castellón/Castelló;Mujeres;2016;291.443
12 Castellón/Castelló;Mujeres;2015;292.607
12 Castellón/Castelló;Mujeres;2014;294.704
12 Castellón/Castelló;Mujeres;2013;300.707
12 Castellón/Castelló;Mujeres;2012;301.637
12 Castellón/Castelló;Mujeres;2011;301.489
12 Castellón/Castelló;Mujeres;2010;300.784
12 Castellón/Castelló;Mujeres;2009;298.841
12 Castellón/Castelló;Mujeres;2008;295.086
12 Castellón/Castelló;Mujeres;2007;285.203
12 Castellón/Castelló;Mujeres;2006;278.421
12 Castellón/Castelló;Mujeres;2005;270.718
12 Castellón/Castelló;Mujeres;2004;263.246
12 Castellón/Castelló;Mujeres;2003;258.802
12 Castellón/Castelló;Mujeres;2002;250.827
12 Castellón/Castelló;Mujeres;2001;244.030
12 Castellón/Castelló;Mujeres;2000;239.315
12 Castellón/Castelló;Mujeres;1999;236.317
12 Castellón/Castelló;Mujeres;1998;233.481
12 Castellón/Castelló;Mujeres;1997;""
12 Castellón/Castelló;Mujeres;1996;231.321
13 Ciudad Real;Hombres;2021;243.763
13 Ciudad Real;Hombres;2020;244.842
13 Ciudad Real;Hombres;2019;244.877
13 Ciudad Real;Hombres;2018;246.656
13 Ciudad Real;Hombres;2017;248.328
13 Ciudad Real;Hombres;2016;250.847
13 Ciudad Real;Hombres;2015;254.571
13 Ciudad Real;Hombres;2014;257.918
13 Ciudad Real;Hombres;2013;260.888
13 Ciudad Real;Hombres;2012;264.067
13 Ciudad Real;Hombres;2011;264.078
13 Ciudad Real;Hombres;2010;264.098
13 Ciudad Real;Hombres;2009;263.038
13 Ciudad Real;Hombres;2008;260.649
13 Ciudad Real;Hombres;2007;253.473
13 Ciudad Real;Hombres;2006;251.565
13 Ciudad Real;Hombres;2005;247.795
13 Ciudad Real;Hombres;2004;243.698
13 Ciudad Real;Hombres;2003;240.603
13 Ciudad Real;Hombres;2002;238.380
13 Ciudad Real;Hombres;2001;234.988
13 Ciudad Real;Hombres;2000;233.538
13 Ciudad Real;Hombres;1999;234.828
13 Ciudad Real;Hombres;1998;234.972
13 Ciudad Real;Hombres;1997;""
13 Ciudad Real;Hombres;1996;234.355
13 Ciudad Real;Mujeres;2021;248.828
13 Ciudad Real;Mujeres;2020;250.203
13 Ciudad Real;Mujeres;2019;250.884
13 Ciudad Real;Mujeres;2018;252.444
13 Ciudad Real;Mujeres;2017;254.250
13 Ciudad Real;Mujeres;2016;256.041
13 Ciudad Real;Mujeres;2015;259.142
13 Ciudad Real;Mujeres;2014;261.695
13 Ciudad Real;Mujeres;2013;264.074
13 Ciudad Real;Mujeres;2012;266.183
13 Ciudad Real;Mujeres;2011;266.097
13 Ciudad Real;Mujeres;2010;265.355
13 Ciudad Real;Mujeres;2009;264.235
13 Ciudad Real;Mujeres;2008;261.694
13 Ciudad Real;Mujeres;2007;256.649
13 Ciudad Real;Mujeres;2006;255.299
13 Ciudad Real;Mujeres;2005;252.265
13 Ciudad Real;Mujeres;2004;249.216
13 Ciudad Real;Mujeres;2003;247.067
13 Ciudad Real;Mujeres;2002;245.958
13 Ciudad Real;Mujeres;2001;243.593
13 Ciudad Real;Mujeres;2000;243.095
13 Ciudad Real;Mujeres;1999;244.259
13 Ciudad Real;Mujeres;1998;244.502
13 Ciudad Real;Mujeres;1997;""
13 Ciudad Real;Mujeres;1996;244.317
14 Córdoba;Hombres;2021;380.473
14 Córdoba;Hombres;2020;382.886
14 Córdoba;Hombres;2019;383.790
14 Córdoba;Hombres;2018;385.085
14 Córdoba;Hombres;2017;386.736
14 Córdoba;Hombres;2016;388.470
14 Córdoba;Hombres;2015;390.559
14 Córdoba;Hombres;2014;392.644
14 Córdoba;Hombres;2013;394.189
14 Córdoba;Hombres;2012;395.300
14 Córdoba;Hombres;2011;395.858
14 Córdoba;Hombres;2010;395.570
14 Córdoba;Hombres;2009;395.225
14 Córdoba;Hombres;2008;392.658
14 Córdoba;Hombres;2007;389.173
14 Córdoba;Hombres;2006;386.939
14 Córdoba;Hombres;2005;384.749
14 Córdoba;Hombres;2004;382.213
14 Córdoba;Hombres;2003;379.989
14 Córdoba;Hombres;2002;377.328
14 Córdoba;Hombres;2001;376.511
14 Córdoba;Hombres;2000;376.308
14 Córdoba;Hombres;1999;376.237
14 Córdoba;Hombres;1998;375.244
14 Córdoba;Hombres;1997;""
14 Córdoba;Hombres;1996;372.249
14 Córdoba;Mujeres;2021;396.316
14 Córdoba;Mujeres;2020;398.565
14 Córdoba;Mujeres;2019;399.189
14 Córdoba;Mujeres;2018;400.155
14 Córdoba;Mujeres;2017;401.483
14 Córdoba;Mujeres;2016;403.140
14 Córdoba;Mujeres;2015;405.052
14 Córdoba;Mujeres;2014;406.758
14 Córdoba;Mujeres;2013;408.233
14 Córdoba;Mujeres;2012;409.198
14 Córdoba;Mujeres;2011;409.999
14 Córdoba;Mujeres;2010;409.538
14 Córdoba;Mujeres;2009;408.773
14 Córdoba;Mujeres;2008;406.164
14 Córdoba;Mujeres;2007;403.009
14 Córdoba;Mujeres;2006;401.348
14 Córdoba;Mujeres;2005;399.627
14 Córdoba;Mujeres;2004;397.657
14 Córdoba;Mujeres;2003;395.955
14 Córdoba;Mujeres;2002;393.803
14 Córdoba;Mujeres;2001;393.114
14 Córdoba;Mujeres;2000;392.929
14 Córdoba;Mujeres;1999;392.439
14 Córdoba;Mujeres;1998;391.931
14 Córdoba;Mujeres;1997;""
14 Córdoba;Mujeres;1996;389.152
15 Coruña, A;Hombres;2021;537.004
15 Coruña, A;Hombres;2020;537.781
15 Coruña, A;Hombres;2019;536.470
15 Coruña, A;Hombres;2018;536.637
15 Coruña, A;Hombres;2017;537.311
15 Coruña, A;Hombres;2016;538.878
15 Coruña, A;Hombres;2015;541.292
15 Coruña, A;Hombres;2014;544.075
15 Coruña, A;Hombres;2013;547.079
15 Coruña, A;Hombres;2012;550.009
15 Coruña, A;Hombres;2011;551.476
15 Coruña, A;Hombres;2010;551.318
15 Coruña, A;Hombres;2009;550.841
15 Coruña, A;Hombres;2008;548.037
15 Coruña, A;Hombres;2007;544.352
15 Coruña, A;Hombres;2006;542.260
15 Coruña, A;Hombres;2005;541.189
15 Coruña, A;Hombres;2004;538.764
15 Coruña, A;Hombres;2003;538.469
15 Coruña, A;Hombres;2002;533.914
15 Coruña, A;Hombres;2001;532.039
15 Coruña, A;Hombres;2000;531.744
15 Coruña, A;Hombres;1999;532.943
15 Coruña, A;Hombres;1998;531.769
15 Coruña, A;Hombres;1997;""
15 Coruña, A;Hombres;1996;533.921
15 Coruña, A;Mujeres;2021;583.130
15 Coruña, A;Mujeres;2020;584.034
15 Coruña, A;Mujeres;2019;583.126
15 Coruña, A;Mujeres;2018;582.714
15 Coruña, A;Mujeres;2017;582.983
15 Coruña, A;Mujeres;2016;583.921
15 Coruña, A;Mujeres;2015;585.904
15 Coruña, A;Mujeres;2014;588.660
15 Coruña, A;Mujeres;2013;591.082
15 Coruña, A;Mujeres;2012;593.902
15 Coruña, A;Mujeres;2011;595.648
15 Coruña, A;Mujeres;2010;595.140
15 Coruña, A;Mujeres;2009;594.647
15 Coruña, A;Mujeres;2008;591.084
15 Coruña, A;Mujeres;2007;588.440
15 Coruña, A;Mujeres;2006;586.881
15 Coruña, A;Mujeres;2005;585.518
15 Coruña, A;Mujeres;2004;582.580
15 Coruña, A;Mujeres;2003;582.345
15 Coruña, A;Mujeres;2002;577.972
15 Coruña, A;Mujeres;2001;575.963
15 Coruña, A;Mujeres;2000;576.675
15 Coruña, A;Mujeres;1999;576.037
15 Coruña, A;Mujeres;1998;574.556
15 Coruña, A;Mujeres;1997;""
15 Coruña, A;Mujeres;1996;576.381
16 Cuenca;Hombres;2021;98.118
16 Cuenca;Hombres;2020;98.430
16 Cuenca;Hombres;2019;98.542
16 Cuenca;Hombres;2018;98.999
16 Cuenca;Hombres;2017;99.821
16 Cuenca;Hombres;2016;101.097
16 Cuenca;Hombres;2015;102.583
16 Cuenca;Hombres;2014;104.586
16 Cuenca;Hombres;2013;107.111
16 Cuenca;Hombres;2012;110.460
16 Cuenca;Hombres;2011;111.052
16 Cuenca;Hombres;2010;110.384
16 Cuenca;Hombres;2009;110.282
16 Cuenca;Hombres;2008;109.058
16 Cuenca;Hombres;2007;106.633
16 Cuenca;Hombres;2006;105.068
16 Cuenca;Hombres;2005;104.912
16 Cuenca;Hombres;2004;102.947
16 Cuenca;Hombres;2003;102.040
16 Cuenca;Hombres;2002;101.048
16 Cuenca;Hombres;2001;100.630
16 Cuenca;Hombres;2000;100.126
16 Cuenca;Hombres;1999;100.088
16 Cuenca;Hombres;1998;99.031
16 Cuenca;Hombres;1997;""
16 Cuenca;Hombres;1996;100.387
16 Cuenca;Mujeres;2021;97.398
16 Cuenca;Mujeres;2020;97.709
16 Cuenca;Mujeres;2019;97.787
16 Cuenca;Mujeres;2018;98.223
16 Cuenca;Mujeres;2017;98.897
16 Cuenca;Mujeres;2016;99.974
16 Cuenca;Mujeres;2015;101.258
16 Cuenca;Mujeres;2014;102.863
16 Cuenca;Mujeres;2013;104.788
16 Cuenca;Mujeres;2012;107.576
16 Cuenca;Mujeres;2011;108.086
16 Cuenca;Mujeres;2010;107.332
16 Cuenca;Mujeres;2009;107.081
16 Cuenca;Mujeres;2008;106.216
16 Cuenca;Mujeres;2007;104.742
16 Cuenca;Mujeres;2006;103.548
16 Cuenca;Mujeres;2005;103.062
16 Cuenca;Mujeres;2004;101.599
16 Cuenca;Mujeres;2003;100.942
16 Cuenca;Mujeres;2002;100.566
16 Cuenca;Mujeres;2001;100.896
16 Cuenca;Mujeres;2000;100.927
16 Cuenca;Mujeres;1999;100.875
16 Cuenca;Mujeres;1998;100.055
16 Cuenca;Mujeres;1997;""
16 Cuenca;Mujeres;1996;101.325
20 Gipuzkoa;Hombres;2021;354.717
20 Gipuzkoa;Hombres;2020;355.130
20 Gipuzkoa;Hombres;2019;353.363
20 Gipuzkoa;Hombres;2018;351.696
20 Gipuzkoa;Hombres;2017;351.262
20 Gipuzkoa;Hombres;2016;350.998
20 Gipuzkoa;Hombres;2015;350.799
20 Gipuzkoa;Hombres;2014;350.014
20 Gipuzkoa;Hombres;2013;349.551
20 Gipuzkoa;Hombres;2012;348.655
20 Gipuzkoa;Hombres;2011;347.653
20 Gipuzkoa;Hombres;2010;347.027
20 Gipuzkoa;Hombres;2009;346.820
20 Gipuzkoa;Hombres;2008;344.679
20 Gipuzkoa;Hombres;2007;341.400
20 Gipuzkoa;Hombres;2006;340.051
20 Gipuzkoa;Hombres;2005;338.605
20 Gipuzkoa;Hombres;2004;337.552
20 Gipuzkoa;Hombres;2003;336.409
20 Gipuzkoa;Hombres;2002;335.670
20 Gipuzkoa;Hombres;2001;334.011
20 Gipuzkoa;Hombres;2000;333.502
20 Gipuzkoa;Hombres;1999;332.698
20 Gipuzkoa;Hombres;1998;331.804
20 Gipuzkoa;Hombres;1997;""
20 Gipuzkoa;Hombres;1996;331.900
20 Gipuzkoa;Mujeres;2021;371.316
20 Gipuzkoa;Mujeres;2020;371.991
20 Gipuzkoa;Mujeres;2019;370.213
20 Gipuzkoa;Mujeres;2018;368.896
20 Gipuzkoa;Mujeres;2017;368.020
20 Gipuzkoa;Mujeres;2016;366.834
20 Gipuzkoa;Mujeres;2015;366.035
20 Gipuzkoa;Mujeres;2014;365.134
20 Gipuzkoa;Mujeres;2013;364.267
20 Gipuzkoa;Mujeres;2012;363.442
20 Gipuzkoa;Mujeres;2011;361.954
20 Gipuzkoa;Mujeres;2010;360.236
20 Gipuzkoa;Mujeres;2009;358.878
20 Gipuzkoa;Mujeres;2008;356.377
20 Gipuzkoa;Mujeres;2007;353.544
20 Gipuzkoa;Mujeres;2006;351.844
20 Gipuzkoa;Mujeres;2005;350.103
20 Gipuzkoa;Mujeres;2004;348.961
20 Gipuzkoa;Mujeres;2003;348.007
20 Gipuzkoa;Mujeres;2002;347.307
20 Gipuzkoa;Mujeres;2001;346.058
20 Gipuzkoa;Mujeres;2000;345.868
20 Gipuzkoa;Mujeres;1999;344.577
20 Gipuzkoa;Mujeres;1998;344.635
20 Gipuzkoa;Mujeres;1997;""
20 Gipuzkoa;Mujeres;1996;344.308
17 Girona;Hombres;2021;393.769
17 Girona;Hombres;2020;391.183
17 Girona;Hombres;2019;385.298
17 Girona;Hombres;2018;380.690
17 Girona;Hombres;2017;377.615
17 Girona;Hombres;2016;376.943
17 Girona;Hombres;2015;376.936
17 Girona;Hombres;2014;379.175
17 Girona;Hombres;2013;382.685
17 Girona;Hombres;2012;383.428
17 Girona;Hombres;2011;381.448
17 Girona;Hombres;2010;380.773
17 Girona;Hombres;2009;379.629
17 Girona;Hombres;2008;372.266
17 Girona;Hombres;2007;358.108
17 Girona;Hombres;2006;348.922
17 Girona;Hombres;2005;336.206
17 Girona;Hombres;2004;320.098
17 Girona;Hombres;2003;311.514
17 Girona;Hombres;2002;299.657
17 Girona;Hombres;2001;289.317
17 Girona;Hombres;2000;281.460
17 Girona;Hombres;1999;274.866
17 Girona;Hombres;1998;269.400
17 Girona;Hombres;1997;""
17 Girona;Hombres;1996;262.542
17 Girona;Mujeres;2021;392.827
17 Girona;Mujeres;2020;390.605
17 Girona;Mujeres;2019;385.746
17 Girona;Mujeres;2018;381.257
17 Girona;Mujeres;2017;378.101
17 Girona;Mujeres;2016;376.633
17 Girona;Mujeres;2015;376.118
17 Girona;Mujeres;2014;376.981
17 Girona;Mujeres;2013;378.947
17 Girona;Mujeres;2012;378.199
17 Girona;Mujeres;2011;375.362
17 Girona;Mujeres;2010;372.273
17 Girona;Mujeres;2009;368.153
17 Girona;Mujeres;2008;359.598
17 Girona;Mujeres;2007;348.077
17 Girona;Mujeres;2006;338.409
17 Girona;Mujeres;2005;328.300
17 Girona;Mujeres;2004;316.100
17 Girona;Mujeres;2003;308.178
17 Girona;Mujeres;2002;298.455
17 Girona;Mujeres;2001;290.333
17 Girona;Mujeres;2000;284.139
17 Girona;Mujeres;1999;278.482
17 Girona;Mujeres;1998;273.791
17 Girona;Mujeres;1997;""
17 Girona;Mujeres;1996;268.089
18 Granada;Hombres;2021;453.683
18 Granada;Hombres;2020;452.595
18 Granada;Hombres;2019;450.555
18 Granada;Hombres;2018;449.318
18 Granada;Hombres;2017;449.821
18 Granada;Hombres;2016;451.148
18 Granada;Hombres;2015;451.907
18 Granada;Hombres;2014;453.407
18 Granada;Hombres;2013;453.670
18 Granada;Hombres;2012;456.216
18 Granada;Hombres;2011;457.084
18 Granada;Hombres;2010;453.734
18 Granada;Hombres;2009;448.784
18 Granada;Hombres;2008;447.280
18 Granada;Hombres;2007;437.782
18 Granada;Hombres;2006;433.320
18 Granada;Hombres;2005;424.718
18 Granada;Hombres;2004;414.472
18 Granada;Hombres;2003;407.293
18 Granada;Hombres;2002;402.121
18 Granada;Hombres;2001;398.272
18 Granada;Hombres;2000;395.659
18 Granada;Hombres;1999;397.751
18 Granada;Hombres;1998;391.867
18 Granada;Hombres;1997;""
18 Granada;Hombres;1996;395.509
18 Granada;Mujeres;2021;467.655
18 Granada;Mujeres;2020;466.573
18 Granada;Mujeres;2019;464.123
18 Granada;Mujeres;2018;462.757
18 Granada;Mujeres;2017;463.117
18 Granada;Mujeres;2016;464.244
18 Granada;Mujeres;2015;465.390
18 Granada;Mujeres;2014;466.048
18 Granada;Mujeres;2013;465.649
18 Granada;Mujeres;2012;466.712
18 Granada;Mujeres;2011;467.466
18 Granada;Mujeres;2010;464.338
18 Granada;Mujeres;2009;458.644
18 Granada;Mujeres;2008;453.940
18 Granada;Mujeres;2007;446.317
18 Granada;Mujeres;2006;442.864
18 Granada;Mujeres;2005;436.180
18 Granada;Mujeres;2004;427.215
18 Granada;Mujeres;2003;420.814
18 Granada;Mujeres;2002;416.838
18 Granada;Mujeres;2001;414.365
18 Granada;Mujeres;2000;413.345
18 Granada;Mujeres;1999;415.310
18 Granada;Mujeres;1998;409.310
18 Granada;Mujeres;1997;""
18 Granada;Mujeres;1996;412.544
19 Guadalajara;Hombres;2021;134.624
19 Guadalajara;Hombres;2020;132.839
19 Guadalajara;Hombres;2019;130.534
19 Guadalajara;Hombres;2018;128.854
19 Guadalajara;Hombres;2017;128.341
19 Guadalajara;Hombres;2016;128.265
19 Guadalajara;Hombres;2015;128.952
19 Guadalajara;Hombres;2014;130.197
19 Guadalajara;Hombres;2013;131.796
19 Guadalajara;Hombres;2012;133.009
19 Guadalajara;Hombres;2011;131.532
19 Guadalajara;Hombres;2010;129.170
19 Guadalajara;Hombres;2009;126.608
19 Guadalajara;Hombres;2008;122.327
19 Guadalajara;Hombres;2007;114.798
19 Guadalajara;Hombres;2006;109.054
19 Guadalajara;Hombres;2005;104.082
19 Guadalajara;Hombres;2004;98.911
19 Guadalajara;Hombres;2003;94.421
19 Guadalajara;Hombres;2002;90.208
19 Guadalajara;Hombres;2001;86.761
19 Guadalajara;Hombres;2000;83.488
19 Guadalajara;Hombres;1999;81.594
19 Guadalajara;Hombres;1998;80.464
19 Guadalajara;Hombres;1997;""
19 Guadalajara;Hombres;1996;79.412
19 Guadalajara;Mujeres;2021;130.964
19 Guadalajara;Mujeres;2020;129.156
19 Guadalajara;Mujeres;2019;127.228
19 Guadalajara;Mujeres;2018;125.454
19 Guadalajara;Mujeres;2017;124.969
19 Guadalajara;Mujeres;2016;124.617
19 Guadalajara;Mujeres;2015;124.734
19 Guadalajara;Mujeres;2014;125.229
19 Guadalajara;Mujeres;2013;125.927
19 Guadalajara;Mujeres;2012;126.528
19 Guadalajara;Mujeres;2011;124.929
19 Guadalajara;Mujeres;2010;122.393
19 Guadalajara;Mujeres;2009;119.543
19 Guadalajara;Mujeres;2008;115.460
19 Guadalajara;Mujeres;2007;109.278
19 Guadalajara;Mujeres;2006;104.451
19 Guadalajara;Mujeres;2005;99.655
19 Guadalajara;Mujeres;2004;95.002
19 Guadalajara;Mujeres;2003;91.053
19 Guadalajara;Mujeres;2002;87.553
19 Guadalajara;Mujeres;2001;84.771
19 Guadalajara;Mujeres;2000;81.859
19 Guadalajara;Mujeres;1999;80.075
19 Guadalajara;Mujeres;1998;78.867
19 Guadalajara;Mujeres;1997;""
19 Guadalajara;Mujeres;1996;77.843
21 Huelva;Hombres;2021;260.581
21 Huelva;Hombres;2020;259.496
21 Huelva;Hombres;2019;258.413
21 Huelva;Hombres;2018;257.713
21 Huelva;Hombres;2017;257.613
21 Huelva;Hombres;2016;257.571
21 Huelva;Hombres;2015;257.699
21 Huelva;Hombres;2014;257.542
21 Huelva;Hombres;2013;258.387
21 Huelva;Hombres;2012;259.370
21 Huelva;Hombres;2011;259.362
21 Huelva;Hombres;2010;257.716
21 Huelva;Hombres;2009;255.144
21 Huelva;Hombres;2008;252.394
21 Huelva;Hombres;2007;248.151
21 Huelva;Hombres;2006;246.056
21 Huelva;Hombres;2005;241.142
21 Huelva;Hombres;2004;237.146
21 Huelva;Hombres;2003;234.902
21 Huelva;Hombres;2002;230.999
21 Huelva;Hombres;2001;228.771
21 Huelva;Hombres;2000;227.014
21 Huelva;Hombres;1999;226.227
21 Huelva;Hombres;1998;224.433
21 Huelva;Hombres;1997;""
21 Huelva;Hombres;1996;224.776
21 Huelva;Mujeres;2021;265.254
21 Huelva;Mujeres;2020;264.782
21 Huelva;Mujeres;2019;263.457
21 Huelva;Mujeres;2018;262.219
21 Huelva;Mujeres;2017;261.317
21 Huelva;Mujeres;2016;262.025
21 Huelva;Mujeres;2015;262.318
21 Huelva;Mujeres;2014;261.687
21 Huelva;Mujeres;2013;262.281
21 Huelva;Mujeres;2012;263.492
21 Huelva;Mujeres;2011;262.606
21 Huelva;Mujeres;2010;260.365
21 Huelva;Mujeres;2009;258.259
21 Huelva;Mujeres;2008;255.521
21 Huelva;Mujeres;2007;249.520
21 Huelva;Mujeres;2006;246.118
21 Huelva;Mujeres;2005;242.650
21 Huelva;Mujeres;2004;239.561
21 Huelva;Mujeres;2003;237.544
21 Huelva;Mujeres;2002;233.935
21 Huelva;Mujeres;2001;232.959
21 Huelva;Mujeres;2000;231.984
21 Huelva;Mujeres;1999;231.280
21 Huelva;Mujeres;1998;229.525
21 Huelva;Mujeres;1997;""
21 Huelva;Mujeres;1996;229.959
22 Huesca;Hombres;2021;113.607
22 Huesca;Hombres;2020;112.479
22 Huesca;Hombres;2019;111.228
22 Huesca;Hombres;2018;110.599
22 Huesca;Hombres;2017;110.854
22 Huesca;Hombres;2016;111.597
22 Huesca;Hombres;2015;112.626
22 Huesca;Hombres;2014;113.840
22 Huesca;Hombres;2013;114.781
22 Huesca;Hombres;2012;115.512
22 Huesca;Hombres;2011;116.224
22 Huesca;Hombres;2010;116.524
22 Huesca;Hombres;2009;116.630
22 Huesca;Hombres;2008;114.939
22 Huesca;Hombres;2007;111.978
22 Huesca;Hombres;2006;110.983
22 Huesca;Hombres;2005;109.869
22 Huesca;Hombres;2004;107.961
22 Huesca;Hombres;2003;106.962
22 Huesca;Hombres;2002;105.566
22 Huesca;Hombres;2001;103.711
22 Huesca;Hombres;2000;103.220
22 Huesca;Hombres;1999;103.135
22 Huesca;Hombres;1998;102.854
22 Huesca;Hombres;1997;""
22 Huesca;Hombres;1996;103.976
22 Huesca;Mujeres;2021;110.657
22 Huesca;Mujeres;2020;110.208
22 Huesca;Mujeres;2019;109.233
22 Huesca;Mujeres;2018;108.746
22 Huesca;Mujeres;2017;108.848
22 Huesca;Mujeres;2016;109.482
22 Huesca;Mujeres;2015;110.283
22 Huesca;Mujeres;2014;111.069
22 Huesca;Mujeres;2013;111.548
22 Huesca;Mujeres;2012;112.097
22 Huesca;Mujeres;2011;112.137
22 Huesca;Mujeres;2010;112.042
22 Huesca;Mujeres;2009;111.779
22 Huesca;Mujeres;2008;110.332
22 Huesca;Mujeres;2007;108.129
22 Huesca;Mujeres;2006;107.040
22 Huesca;Mujeres;2005;105.995
22 Huesca;Mujeres;2004;104.940
22 Huesca;Mujeres;2003;104.324
22 Huesca;Mujeres;2002;103.397
22 Huesca;Mujeres;2001;102.244
22 Huesca;Mujeres;2000;102.210
22 Huesca;Mujeres;1999;102.294
22 Huesca;Mujeres;1998;102.102
22 Huesca;Mujeres;1997;""
22 Huesca;Mujeres;1996;102.940
23 Jaén;Hombres;2021;310.323
23 Jaén;Hombres;2020;312.364
23 Jaén;Hombres;2019;313.356
23 Jaén;Hombres;2018;315.549
23 Jaén;Hombres;2017;318.430
23 Jaén;Hombres;2016;320.862
23 Jaén;Hombres;2015;323.861
23 Jaén;Hombres;2014;326.583
23 Jaén;Hombres;2013;330.505
23 Jaén;Hombres;2012;334.226
23 Jaén;Hombres;2011;333.384
23 Jaén;Hombres;2010;332.900
23 Jaén;Hombres;2009;332.517
23 Jaén;Hombres;2008;332.568
23 Jaén;Hombres;2007;330.543
23 Jaén;Hombres;2006;329.496
23 Jaén;Hombres;2005;328.041
23 Jaén;Hombres;2004;324.877
23 Jaén;Hombres;2003;323.089
23 Jaén;Hombres;2002;320.575
23 Jaén;Hombres;2001;319.613
23 Jaén;Hombres;2000;319.203
23 Jaén;Hombres;1999;321.263
23 Jaén;Hombres;1998;319.272
23 Jaén;Hombres;1997;""
23 Jaén;Hombres;1996;319.859
23 Jaén;Mujeres;2021;316.867
23 Jaén;Mujeres;2020;319.017
23 Jaén;Mujeres;2019;320.208
23 Jaén;Mujeres;2018;322.550
23 Jaén;Mujeres;2017;325.054
23 Jaén;Mujeres;2016;327.388
23 Jaén;Mujeres;2015;330.309
23 Jaén;Mujeres;2014;332.450
23 Jaén;Mujeres;2013;334.411
23 Jaén;Mujeres;2012;336.016
23 Jaén;Mujeres;2011;337.216
23 Jaén;Mujeres;2010;337.861
23 Jaén;Mujeres;2009;337.265
23 Jaén;Mujeres;2008;334.870
23 Jaén;Mujeres;2007;334.199
23 Jaén;Mujeres;2006;333.255
23 Jaén;Mujeres;2005;332.243
23 Jaén;Mujeres;2004;329.581
23 Jaén;Mujeres;2003;328.476
23 Jaén;Mujeres;2002;326.812
23 Jaén;Mujeres;2001;326.168
23 Jaén;Mujeres;2000;326.508
23 Jaén;Mujeres;1999;328.399
23 Jaén;Mujeres;1998;326.520
23 Jaén;Mujeres;1997;""
23 Jaén;Mujeres;1996;328.692
24 León;Hombres;2021;219.532
24 León;Hombres;2020;221.904
24 León;Hombres;2019;223.744
24 León;Hombres;2018;225.646
24 León;Hombres;2017;228.059
24 León;Hombres;2016;230.727
24 León;Hombres;2015;233.664
24 León;Hombres;2014;236.537
24 León;Hombres;2013;239.179
24 León;Hombres;2012;241.749
24 León;Hombres;2011;243.316
24 León;Hombres;2010;244.199
24 León;Hombres;2009;244.716
24 León;Hombres;2008;244.786
24 León;Hombres;2007;242.939
24 León;Hombres;2006;243.051
24 León;Hombres;2005;241.756
24 León;Hombres;2004;240.342
24 León;Hombres;2003;242.106
24 León;Hombres;2002;242.409
24 León;Hombres;2001;243.846
24 León;Hombres;2000;245.282
24 León;Hombres;1999;247.677
24 León;Hombres;1998;247.569
24 León;Hombres;1997;""
24 León;Hombres;1996;253.256
24 León;Mujeres;2021;232.174
24 León;Mujeres;2020;234.535
24 León;Mujeres;2019;236.257
24 León;Mujeres;2018;238.100
24 León;Mujeres;2017;240.257
24 León;Mujeres;2016;242.877
24 León;Mujeres;2015;245.731
24 León;Mujeres;2014;248.157
24 León;Mujeres;2013;250.573
24 León;Mujeres;2012;252.702
24 León;Mujeres;2011;254.483
24 León;Mujeres;2010;255.085
24 León;Mujeres;2009;255.453
24 León;Mujeres;2008;255.414
24 León;Mujeres;2007;254.448
24 León;Mujeres;2006;255.172
24 León;Mujeres;2005;254.146
24 León;Mujeres;2004;252.378
24 León;Mujeres;2003;253.892
24 León;Mujeres;2002;254.246
24 León;Mujeres;2001;255.671
24 León;Mujeres;2000;256.873
24 León;Mujeres;1999;258.834
24 León;Mujeres;1998;258.796
24 León;Mujeres;1997;""
24 León;Mujeres;1996;263.935
25 Lleida;Hombres;2021;224.156
25 Lleida;Hombres;2020;223.323
25 Lleida;Hombres;2019;220.878
25 Lleida;Hombres;2018;219.509
25 Lleida;Hombres;2017;219.059
25 Lleida;Hombres;2016;219.917
25 Lleida;Hombres;2015;220.719
25 Lleida;Hombres;2014;221.891
25 Lleida;Hombres;2013;223.779
25 Lleida;Hombres;2012;225.345
25 Lleida;Hombres;2011;225.388
25 Lleida;Hombres;2010;224.397
25 Lleida;Hombres;2009;223.095
25 Lleida;Hombres;2008;218.379
25 Lleida;Hombres;2007;211.268
25 Lleida;Hombres;2006;208.332
25 Lleida;Hombres;2005;203.618
25 Lleida;Hombres;2004;194.378
25 Lleida;Hombres;2003;189.998
25 Lleida;Hombres;2002;186.026
25 Lleida;Hombres;2001;182.362
25 Lleida;Hombres;2000;180.132
25 Lleida;Hombres;1999;179.089
25 Lleida;Hombres;1998;178.152
25 Lleida;Hombres;1997;""
25 Lleida;Hombres;1996;177.372
25 Lleida;Mujeres;2021;215.571
25 Lleida;Mujeres;2020;215.194
25 Lleida;Mujeres;2019;214.052
25 Lleida;Mujeres;2018;213.357
25 Lleida;Mujeres;2017;213.325
25 Lleida;Mujeres;2016;214.124
25 Lleida;Mujeres;2015;215.310
25 Lleida;Mujeres;2014;216.110
25 Lleida;Mujeres;2013;217.136
25 Lleida;Mujeres;2012;217.687
25 Lleida;Mujeres;2011;216.920
25 Lleida;Mujeres;2010;215.371
25 Lleida;Mujeres;2009;213.307
25 Lleida;Mujeres;2008;208.493
25 Lleida;Mujeres;2007;202.747
25 Lleida;Mujeres;2006;199.164
25 Lleida;Mujeres;2005;195.821
25 Lleida;Mujeres;2004;190.714
25 Lleida;Mujeres;2003;187.641
25 Lleida;Mujeres;2002;185.029
25 Lleida;Mujeres;2001;182.661
25 Lleida;Mujeres;2000;181.458
25 Lleida;Mujeres;1999;180.272
25 Lleida;Mujeres;1998;179.751
25 Lleida;Mujeres;1997;""
25 Lleida;Mujeres;1996;179.084
27 Lugo;Hombres;2021;157.892
27 Lugo;Hombres;2020;158.842
27 Lugo;Hombres;2019;159.686
27 Lugo;Hombres;2018;160.647
27 Lugo;Hombres;2017;161.775
27 Lugo;Hombres;2016;163.154
27 Lugo;Hombres;2015;164.605
27 Lugo;Hombres;2014;166.325
27 Lugo;Hombres;2013;168.013
27 Lugo;Hombres;2012;169.536
27 Lugo;Hombres;2011;170.854
27 Lugo;Hombres;2010;171.983
27 Lugo;Hombres;2009;172.943
27 Lugo;Hombres;2008;172.914
27 Lugo;Hombres;2007;172.422
27 Lugo;Hombres;2006;172.967
27 Lugo;Hombres;2005;173.399
27 Lugo;Hombres;2004;173.812
27 Lugo;Hombres;2003;174.906
27 Lugo;Hombres;2002;175.583
27 Lugo;Hombres;2001;176.856
27 Lugo;Hombres;2000;177.594
27 Lugo;Hombres;1999;178.537
27 Lugo;Hombres;1998;179.056
27 Lugo;Hombres;1997;""
27 Lugo;Hombres;1996;180.550
27 Lugo;Mujeres;2021;168.121
27 Lugo;Mujeres;2020;169.104
27 Lugo;Mujeres;2019;169.901
27 Lugo;Mujeres;2018;170.680
27 Lugo;Mujeres;2017;171.859
27 Lugo;Mujeres;2016;173.373
27 Lugo;Mujeres;2015;174.781
27 Lugo;Mujeres;2014;176.423
27 Lugo;Mujeres;2013;177.992
27 Lugo;Mujeres;2012;179.366
27 Lugo;Mujeres;2011;180.676
27 Lugo;Mujeres;2010;181.521
27 Lugo;Mujeres;2009;182.252
27 Lugo;Mujeres;2008;182.635
27 Lugo;Mujeres;2007;182.754
27 Lugo;Mujeres;2006;183.628
27 Lugo;Mujeres;2005;184.226
27 Lugo;Mujeres;2004;184.640
27 Lugo;Mujeres;2003;185.606
27 Lugo;Mujeres;2002;186.199
27 Lugo;Mujeres;2001;187.269
27 Lugo;Mujeres;2000;188.025
27 Lugo;Mujeres;1999;188.397
27 Lugo;Mujeres;1998;188.695
27 Lugo;Mujeres;1997;""
27 Lugo;Mujeres;1996;189.753
28 Madrid;Hombres;2021;3.229.700
28 Madrid;Hombres;2020;3.243.793
28 Madrid;Hombres;2019;3.187.312
28 Madrid;Hombres;2018;3.147.872
28 Madrid;Hombres;2017;3.115.522
28 Madrid;Hombres;2016;3.098.631
28 Madrid;Hombres;2015;3.087.022
28 Madrid;Hombres;2014;3.099.641
28 Madrid;Hombres;2013;3.123.724
28 Madrid;Hombres;2012;3.130.241
28 Madrid;Hombres;2011;3.132.844
28 Madrid;Hombres;2010;3.124.438
28 Madrid;Hombres;2009;3.094.874
28 Madrid;Hombres;2008;3.040.658
28 Madrid;Hombres;2007;2.943.778
28 Madrid;Hombres;2006;2.908.654
28 Madrid;Hombres;2005;2.887.718
28 Madrid;Hombres;2004;2.804.962
28 Madrid;Hombres;2003;2.760.877
28 Madrid;Hombres;2002;2.663.407
28 Madrid;Hombres;2001;2.584.779
28 Madrid;Hombres;2000;2.501.285
28 Madrid;Hombres;1999;2.472.098
28 Madrid;Hombres;1998;2.444.919
28 Madrid;Hombres;1997;""
28 Madrid;Hombres;1996;2.411.548
28 Madrid;Mujeres;2021;3.521.551
28 Madrid;Mujeres;2020;3.536.095
28 Madrid;Mujeres;2019;3.476.082
28 Madrid;Mujeres;2018;3.430.207
28 Madrid;Mujeres;2017;3.391.662
28 Madrid;Mujeres;2016;3.368.365
28 Madrid;Mujeres;2015;3.349.974
28 Madrid;Mujeres;2014;3.354.799
28 Madrid;Mujeres;2013;3.371.827
28 Madrid;Mujeres;2012;3.368.319
28 Madrid;Mujeres;2011;3.356.836
28 Madrid;Mujeres;2010;3.334.246
28 Madrid;Mujeres;2009;3.292.058
28 Madrid;Mujeres;2008;3.230.980
28 Madrid;Mujeres;2007;3.137.911
28 Madrid;Mujeres;2006;3.099.529
28 Madrid;Mujeres;2005;3.076.425
28 Madrid;Mujeres;2004;2.999.867
28 Madrid;Mujeres;2003;2.958.065
28 Madrid;Mujeres;2002;2.863.745
28 Madrid;Mujeres;2001;2.787.654
28 Madrid;Mujeres;2000;2.704.123
28 Madrid;Mujeres;1999;2.673.227
28 Madrid;Mujeres;1998;2.646.417
28 Madrid;Mujeres;1997;""
28 Madrid;Mujeres;1996;2.610.741
29 Málaga;Hombres;2021;829.976
29 Málaga;Hombres;2020;825.450
29 Málaga;Hombres;2019;814.349
29 Málaga;Hombres;2018;804.858
29 Málaga;Hombres;2017;800.551
29 Málaga;Hombres;2016;800.630
29 Málaga;Hombres;2015;800.767
29 Málaga;Hombres;2014;797.639
29 Málaga;Hombres;2013;813.878
29 Málaga;Hombres;2012;808.527
29 Málaga;Hombres;2011;801.126
29 Málaga;Hombres;2010;793.575
29 Málaga;Hombres;2009;786.393
29 Málaga;Hombres;2008;773.012
29 Málaga;Hombres;2007;750.682
29 Málaga;Hombres;2006;737.508
29 Málaga;Hombres;2005;717.572
29 Málaga;Hombres;2004;688.242
29 Málaga;Hombres;2003;675.800
29 Málaga;Hombres;2002;651.174
29 Málaga;Hombres;2001;636.274
29 Málaga;Hombres;2000;623.607
29 Málaga;Hombres;1999;612.914
29 Málaga;Hombres;1998;605.927
29 Málaga;Hombres;1997;""
29 Málaga;Hombres;1996;611.750
29 Málaga;Mujeres;2021;865.675
29 Málaga;Mujeres;2020;860.470
29 Málaga;Mujeres;2019;847.436
29 Málaga;Mujeres;2018;836.263
29 Málaga;Mujeres;2017;830.064
29 Málaga;Mujeres;2016;828.668
29 Málaga;Mujeres;2015;828.206
29 Málaga;Mujeres;2014;824.329
29 Málaga;Mujeres;2013;839.121
29 Málaga;Mujeres;2012;832.571
29 Málaga;Mujeres;2011;824.701
29 Málaga;Mujeres;2010;815.982
29 Málaga;Mujeres;2009;806.675
29 Málaga;Mujeres;2008;790.249
29 Málaga;Mujeres;2007;766.841
29 Málaga;Mujeres;2006;753.779
29 Málaga;Mujeres;2005;735.837
29 Málaga;Mujeres;2004;709.683
29 Málaga;Mujeres;2003;699.090
29 Málaga;Mujeres;2002;678.836
29 Málaga;Mujeres;2001;665.966
29 Málaga;Mujeres;2000;655.244
29 Málaga;Mujeres;1999;645.170
29 Málaga;Mujeres;1998;634.653
29 Málaga;Mujeres;1997;""
29 Málaga;Mujeres;1996;637.540
30 Murcia;Hombres;2021;760.362
30 Murcia;Hombres;2020;756.699
30 Murcia;Hombres;2019;747.615
30 Murcia;Hombres;2018;740.143
30 Murcia;Hombres;2017;736.238
30 Murcia;Hombres;2016;733.555
30 Murcia;Hombres;2015;735.434
30 Murcia;Hombres;2014;735.889
30 Murcia;Hombres;2013;739.842
30 Murcia;Hombres;2012;742.727
30 Murcia;Hombres;2011;741.581
30 Murcia;Hombres;2010;738.627
30 Murcia;Hombres;2009;731.609
30 Murcia;Hombres;2008;722.999
30 Murcia;Hombres;2007;706.326
30 Murcia;Hombres;2006;697.027
30 Murcia;Hombres;2005;677.049
30 Murcia;Hombres;2004;652.057
30 Murcia;Hombres;2003;639.795
30 Murcia;Hombres;2002;616.236
30 Murcia;Hombres;2001;595.757
30 Murcia;Hombres;2000;570.125
30 Murcia;Hombres;1999;559.888
30 Murcia;Hombres;1998;551.343
30 Murcia;Hombres;1997;""
30 Murcia;Hombres;1996;541.069
30 Murcia;Mujeres;2021;758.124
30 Murcia;Mujeres;2020;754.552
30 Murcia;Mujeres;2019;746.283
30 Murcia;Mujeres;2018;738.366
30 Murcia;Mujeres;2017;734.035
30 Murcia;Mujeres;2016;731.292
30 Murcia;Mujeres;2015;731.854
30 Murcia;Mujeres;2014;730.929
30 Murcia;Mujeres;2013;732.207
30 Murcia;Mujeres;2012;731.722
30 Murcia;Mujeres;2011;728.488
30 Murcia;Mujeres;2010;723.352
30 Murcia;Mujeres;2009;714.911
30 Murcia;Mujeres;2008;703.110
30 Murcia;Mujeres;2007;685.791
30 Murcia;Mujeres;2006;673.279
30 Murcia;Mujeres;2005;658.743
30 Murcia;Mujeres;2004;642.637
30 Murcia;Mujeres;2003;629.435
30 Murcia;Mujeres;2002;610.757
30 Murcia;Mujeres;2001;594.621
30 Murcia;Mujeres;2000;579.203
30 Murcia;Mujeres;1999;571.240
30 Murcia;Mujeres;1998;563.725
30 Murcia;Mujeres;1997;""
30 Murcia;Mujeres;1996;556.180
31 Navarra;Hombres;2021;327.465
31 Navarra;Hombres;2020;327.226
31 Navarra;Hombres;2019;323.631
31 Navarra;Hombres;2018;320.469
31 Navarra;Hombres;2017;318.671
31 Navarra;Hombres;2016;317.840
31 Navarra;Hombres;2015;317.885
31 Navarra;Hombres;2014;318.486
31 Navarra;Hombres;2013;320.933
31 Navarra;Hombres;2012;321.453
31 Navarra;Hombres;2011;320.656
31 Navarra;Hombres;2010;318.423
31 Navarra;Hombres;2009;315.486
31 Navarra;Hombres;2008;310.282
31 Navarra;Hombres;2007;302.330
31 Navarra;Hombres;2006;300.917
31 Navarra;Hombres;2005;296.587
31 Navarra;Hombres;2004;292.059
31 Navarra;Hombres;2003;288.991
31 Navarra;Hombres;2002;284.620
31 Navarra;Hombres;2001;277.118
31 Navarra;Hombres;2000;269.826
31 Navarra;Hombres;1999;266.711
31 Navarra;Hombres;1998;262.687
31 Navarra;Hombres;1997;""
31 Navarra;Hombres;1996;257.718
31 Navarra;Mujeres;2021;334.072
31 Navarra;Mujeres;2020;333.971
31 Navarra;Mujeres;2019;330.583
31 Navarra;Mujeres;2018;327.085
31 Navarra;Mujeres;2017;324.563
31 Navarra;Mujeres;2016;322.807
31 Navarra;Mujeres;2015;322.591
31 Navarra;Mujeres;2014;322.304
31 Navarra;Mujeres;2013;323.544
31 Navarra;Mujeres;2012;323.113
31 Navarra;Mujeres;2011;321.395
31 Navarra;Mujeres;2010;318.501
31 Navarra;Mujeres;2009;315.092
31 Navarra;Mujeres;2008;310.095
31 Navarra;Mujeres;2007;303.546
31 Navarra;Mujeres;2006;300.957
31 Navarra;Mujeres;2005;296.885
31 Navarra;Mujeres;2004;292.675
31 Navarra;Mujeres;2003;289.219
31 Navarra;Mujeres;2002;285.008
31 Navarra;Mujeres;2001;279.145
31 Navarra;Mujeres;2000;273.931
31 Navarra;Mujeres;1999;271.298
31 Navarra;Mujeres;1998;268.132
31 Navarra;Mujeres;1997;""
31 Navarra;Mujeres;1996;262.856
32 Ourense;Hombres;2021;146.495
32 Ourense;Hombres;2020;147.078
32 Ourense;Hombres;2019;147.522
32 Ourense;Hombres;2018;148.426
32 Ourense;Hombres;2017;149.689
32 Ourense;Hombres;2016;151.226
32 Ourense;Hombres;2015;153.043
32 Ourense;Hombres;2014;155.090
32 Ourense;Hombres;2013;157.425
32 Ourense;Hombres;2012;159.175
32 Ourense;Hombres;2011;160.570
32 Ourense;Hombres;2010;161.346
32 Ourense;Hombres;2009;161.454
32 Ourense;Hombres;2008;161.848
32 Ourense;Hombres;2007;162.026
32 Ourense;Hombres;2006;162.785
32 Ourense;Hombres;2005;163.012
32 Ourense;Hombres;2004;163.299
32 Ourense;Hombres;2003;164.171
32 Ourense;Hombres;2002;164.967
32 Ourense;Hombres;2001;165.295
32 Ourense;Hombres;2000;165.472
32 Ourense;Hombres;1999;165.844
32 Ourense;Hombres;1998;165.209
32 Ourense;Hombres;1997;""
32 Ourense;Hombres;1996;166.778
32 Ourense;Mujeres;2021;158.728
32 Ourense;Mujeres;2020;159.572
32 Ourense;Mujeres;2019;160.129
32 Ourense;Mujeres;2018;160.867
32 Ourense;Mujeres;2017;161.991
32 Ourense;Mujeres;2016;163.627
32 Ourense;Mujeres;2015;165.348
32 Ourense;Mujeres;2014;167.203
32 Ourense;Mujeres;2013;169.299
32 Ourense;Mujeres;2012;171.082
32 Ourense;Mujeres;2011;172.687
32 Ourense;Mujeres;2010;173.873
32 Ourense;Mujeres;2009;174.188
32 Ourense;Mujeres;2008;174.251
32 Ourense;Mujeres;2007;174.900
32 Ourense;Mujeres;2006;175.886
32 Ourense;Mujeres;2005;176.543
32 Ourense;Mujeres;2004;176.959
32 Ourense;Mujeres;2003;178.042
32 Ourense;Mujeres;2002;178.801
32 Ourense;Mujeres;2001;179.328
32 Ourense;Mujeres;2000;179.769
32 Ourense;Mujeres;1999;179.776
32 Ourense;Mujeres;1998;178.961
32 Ourense;Mujeres;1997;""
32 Ourense;Mujeres;1996;180.135
34 Palencia;Hombres;2021;78.841
34 Palencia;Hombres;2020;79.457
34 Palencia;Hombres;2019;79.808
34 Palencia;Hombres;2018;80.323
34 Palencia;Hombres;2017;80.943
34 Palencia;Hombres;2016;81.609
34 Palencia;Hombres;2015;82.232
34 Palencia;Hombres;2014;82.997
34 Palencia;Hombres;2013;83.696
34 Palencia;Hombres;2012;84.630
34 Palencia;Hombres;2011;85.118
34 Palencia;Hombres;2010;85.543
34 Palencia;Hombres;2009;85.950
34 Palencia;Hombres;2008;85.852
34 Palencia;Hombres;2007;85.505
34 Palencia;Hombres;2006;85.314
34 Palencia;Hombres;2005;85.568
34 Palencia;Hombres;2004;85.829
34 Palencia;Hombres;2003;86.439
34 Palencia;Hombres;2002;86.993
34 Palencia;Hombres;2001;87.524
34 Palencia;Hombres;2000;88.005
34 Palencia;Hombres;1999;88.717
34 Palencia;Hombres;1998;88.892
34 Palencia;Hombres;1997;""
34 Palencia;Hombres;1996;89.565
34 Palencia;Mujeres;2021;80.282
34 Palencia;Mujeres;2020;80.864
34 Palencia;Mujeres;2019;81.172
34 Palencia;Mujeres;2018;81.712
34 Palencia;Mujeres;2017;82.447
34 Palencia;Mujeres;2016;83.035
34 Palencia;Mujeres;2015;83.803
34 Palencia;Mujeres;2014;84.612
34 Palencia;Mujeres;2013;85.259
34 Palencia;Mujeres;2012;86.083
34 Palencia;Mujeres;2011;86.550
34 Palencia;Mujeres;2010;86.967
34 Palencia;Mujeres;2009;87.356
34 Palencia;Mujeres;2008;87.602
34 Palencia;Mujeres;2007;87.776
34 Palencia;Mujeres;2006;87.839
34 Palencia;Mujeres;2005;87.903
34 Palencia;Mujeres;2004;88.161
34 Palencia;Mujeres;2003;88.608
34 Palencia;Mujeres;2002;89.132
34 Palencia;Mujeres;2001;89.821
34 Palencia;Mujeres;2000;90.311
34 Palencia;Mujeres;1999;90.748
34 Palencia;Mujeres;1998;90.731
34 Palencia;Mujeres;1997;""
34 Palencia;Mujeres;1996;91.006
35 Palmas, Las;Hombres;2021;561.281
35 Palmas, Las;Hombres;2020;562.694
35 Palmas, Las;Hombres;2019;557.774
35 Palmas, Las;Hombres;2018;552.555
35 Palmas, Las;Hombres;2017;548.716
35 Palmas, Las;Hombres;2016;547.928
35 Palmas, Las;Hombres;2015;548.849
35 Palmas, Las;Hombres;2014;550.166
35 Palmas, Las;Hombres;2013;553.010
35 Palmas, Las;Hombres;2012;552.185
35 Palmas, Las;Hombres;2011;551.241
35 Palmas, Las;Hombres;2010;548.699
35 Palmas, Las;Hombres;2009;545.990
35 Palmas, Las;Hombres;2008;540.105
35 Palmas, Las;Hombres;2007;526.349
35 Palmas, Las;Hombres;2006;517.664
35 Palmas, Las;Hombres;2005;511.987
35 Palmas, Las;Hombres;2004;498.865
35 Palmas, Las;Hombres;2003;495.243
35 Palmas, Las;Hombres;2002;480.420
35 Palmas, Las;Hombres;2001;466.534
35 Palmas, Las;Hombres;2000;451.370
35 Palmas, Las;Hombres;1999;437.946
35 Palmas, Las;Hombres;1998;425.260
35 Palmas, Las;Hombres;1997;""
35 Palmas, Las;Hombres;1996;417.673
35 Palmas, Las;Mujeres;2021;567.258
35 Palmas, Las;Mujeres;2020;568.371
35 Palmas, Las;Mujeres;2019;562.632
35 Palmas, Las;Mujeres;2018;556.620
35 Palmas, Las;Mujeres;2017;551.764
35 Palmas, Las;Mujeres;2016;549.872
35 Palmas, Las;Mujeres;2015;549.557
35 Palmas, Las;Mujeres;2014;549.861
35 Palmas, Las;Mujeres;2013;550.840
35 Palmas, Las;Mujeres;2012;548.628
35 Palmas, Las;Mujeres;2011;545.739
35 Palmas, Las;Mujeres;2010;541.906
35 Palmas, Las;Mujeres;2009;537.512
35 Palmas, Las;Mujeres;2008;529.927
35 Palmas, Las;Mujeres;2007;515.782
35 Palmas, Las;Mujeres;2006;506.522
35 Palmas, Las;Mujeres;2005;499.941
35 Palmas, Las;Mujeres;2004;488.263
35 Palmas, Las;Mujeres;2003;484.363
35 Palmas, Las;Mujeres;2002;470.617
35 Palmas, Las;Mujeres;2001;458.024
35 Palmas, Las;Mujeres;2000;446.225
35 Palmas, Las;Mujeres;1999;434.723
35 Palmas, Las;Mujeres;1998;424.603
35 Palmas, Las;Mujeres;1997;""
35 Palmas, Las;Mujeres;1996;416.412
36 Pontevedra;Hombres;2021;455.910
36 Pontevedra;Hombres;2020;456.452
36 Pontevedra;Hombres;2019;455.286
36 Pontevedra;Hombres;2018;454.899
36 Pontevedra;Hombres;2017;455.617
36 Pontevedra;Hombres;2016;456.551
36 Pontevedra;Hombres;2015;458.114
36 Pontevedra;Hombres;2014;460.167
36 Pontevedra;Hombres;2013;462.605
36 Pontevedra;Hombres;2012;464.608
36 Pontevedra;Hombres;2011;466.691
36 Pontevedra;Hombres;2010;465.900
36 Pontevedra;Hombres;2009;464.365
36 Pontevedra;Hombres;2008;461.469
36 Pontevedra;Hombres;2007;458.359
36 Pontevedra;Hombres;2006;455.785
36 Pontevedra;Hombres;2005;453.103
36 Pontevedra;Hombres;2004;449.112
36 Pontevedra;Hombres;2003;446.839
36 Pontevedra;Hombres;2002;442.257
36 Pontevedra;Hombres;2001;439.888
36 Pontevedra;Hombres;2000;437.581
36 Pontevedra;Hombres;1999;435.557
36 Pontevedra;Hombres;1998;434.381
36 Pontevedra;Hombres;1997;""
36 Pontevedra;Hombres;1996;439.098
36 Pontevedra;Mujeres;2021;488.365
36 Pontevedra;Mujeres;2020;488.956
36 Pontevedra;Mujeres;2019;487.379
36 Pontevedra;Mujeres;2018;486.873
36 Pontevedra;Mujeres;2017;487.114
36 Pontevedra;Mujeres;2016;487.795
36 Pontevedra;Mujeres;2015;489.260
36 Pontevedra;Mujeres;2014;490.752
36 Pontevedra;Mujeres;2013;492.445
36 Pontevedra;Mujeres;2012;493.820
36 Pontevedra;Mujeres;2011;496.820
36 Pontevedra;Mujeres;2010;496.572
36 Pontevedra;Mujeres;2009;495.399
36 Pontevedra;Mujeres;2008;491.931
36 Pontevedra;Mujeres;2007;489.280
36 Pontevedra;Mujeres;2006;487.332
36 Pontevedra;Mujeres;2005;485.208
36 Pontevedra;Mujeres;2004;481.819
36 Pontevedra;Mujeres;2003;480.716
36 Pontevedra;Mujeres;2002;477.677
36 Pontevedra;Mujeres;2001;476.288
36 Pontevedra;Mujeres;2000;475.040
36 Pontevedra;Mujeres;1999;473.246
36 Pontevedra;Mujeres;1998;471.917
36 Pontevedra;Mujeres;1997;""
36 Pontevedra;Mujeres;1996;476.006
26 Rioja, La;Hombres;2021;157.823
26 Rioja, La;Hombres;2020;157.835
26 Rioja, La;Hombres;2019;156.179
26 Rioja, La;Hombres;2018;155.758
26 Rioja, La;Hombres;2017;155.508
26 Rioja, La;Hombres;2016;155.969
26 Rioja, La;Hombres;2015;156.733
26 Rioja, La;Hombres;2014;158.090
26 Rioja, La;Hombres;2013;160.159
26 Rioja, La;Hombres;2012;161.574
26 Rioja, La;Hombres;2011;161.582
26 Rioja, La;Hombres;2010;161.884
26 Rioja, La;Hombres;2009;162.173
26 Rioja, La;Hombres;2008;160.342
26 Rioja, La;Hombres;2007;155.773
26 Rioja, La;Hombres;2006;154.556
26 Rioja, La;Hombres;2005;151.730
26 Rioja, La;Hombres;2004;147.214
26 Rioja, La;Hombres;2003;143.995
26 Rioja, La;Hombres;2002;140.780
26 Rioja, La;Hombres;2001;134.506
26 Rioja, La;Hombres;2000;130.956
26 Rioja, La;Hombres;1999;131.518
26 Rioja, La;Hombres;1998;130.708
26 Rioja, La;Hombres;1997;""
26 Rioja, La;Hombres;1996;131.183
26 Rioja, La;Mujeres;2021;161.973
26 Rioja, La;Mujeres;2020;162.079
26 Rioja, La;Mujeres;2019;160.619
26 Rioja, La;Mujeres;2018;159.917
26 Rioja, La;Mujeres;2017;159.873
26 Rioja, La;Mujeres;2016;159.825
26 Rioja, La;Mujeres;2015;160.320
26 Rioja, La;Mujeres;2014;160.912
26 Rioja, La;Mujeres;2013;161.868
26 Rioja, La;Mujeres;2012;162.035
26 Rioja, La;Mujeres;2011;161.373
26 Rioja, La;Mujeres;2010;160.531
26 Rioja, La;Mujeres;2009;159.529
26 Rioja, La;Mujeres;2008;157.159
26 Rioja, La;Mujeres;2007;153.195
26 Rioja, La;Mujeres;2006;151.821
26 Rioja, La;Mujeres;2005;149.354
26 Rioja, La;Mujeres;2004;146.339
26 Rioja, La;Mujeres;2003;143.395
26 Rioja, La;Mujeres;2002;140.834
26 Rioja, La;Mujeres;2001;135.894
26 Rioja, La;Mujeres;2000;133.222
26 Rioja, La;Mujeres;1999;133.660
26 Rioja, La;Mujeres;1998;132.936
26 Rioja, La;Mujeres;1997;""
26 Rioja, La;Mujeres;1996;133.758
37 Salamanca;Hombres;2021;158.874
37 Salamanca;Hombres;2020;159.929
37 Salamanca;Hombres;2019;160.364
37 Salamanca;Hombres;2018;161.065
37 Salamanca;Hombres;2017;162.273
37 Salamanca;Hombres;2016;163.613
37 Salamanca;Hombres;2015;165.379
37 Salamanca;Hombres;2014;167.061
37 Salamanca;Hombres;2013;168.950
37 Salamanca;Hombres;2012;171.489
37 Salamanca;Hombres;2011;172.584
37 Salamanca;Hombres;2010;172.934
37 Salamanca;Hombres;2009;173.512
37 Salamanca;Hombres;2008;172.878
37 Salamanca;Hombres;2007;171.572
37 Salamanca;Hombres;2006;172.393
37 Salamanca;Hombres;2005;171.944
37 Salamanca;Hombres;2004;171.092
37 Salamanca;Hombres;2003;169.851
37 Salamanca;Hombres;2002;169.208
37 Salamanca;Hombres;2001;170.644
37 Salamanca;Hombres;2000;170.357
37 Salamanca;Hombres;1999;171.077
37 Salamanca;Hombres;1998;170.152
37 Salamanca;Hombres;1997;""
37 Salamanca;Hombres;1996;172.071
37 Salamanca;Mujeres;2021;168.464
37 Salamanca;Mujeres;2020;169.316
37 Salamanca;Mujeres;2019;169.755
37 Salamanca;Mujeres;2018;170.408
37 Salamanca;Mujeres;2017;171.330
37 Salamanca;Mujeres;2016;172.372
37 Salamanca;Mujeres;2015;174.016
37 Salamanca;Mujeres;2014;175.398
37 Salamanca;Mujeres;2013;176.598
37 Salamanca;Mujeres;2012;179.075
37 Salamanca;Mujeres;2011;180.402
37 Salamanca;Mujeres;2010;180.685
37 Salamanca;Mujeres;2009;181.096
37 Salamanca;Mujeres;2008;180.526
37 Salamanca;Mujeres;2007;179.754
37 Salamanca;Mujeres;2006;180.717
37 Salamanca;Mujeres;2005;180.470
37 Salamanca;Mujeres;2004;179.892
37 Salamanca;Mujeres;2003;178.420
37 Salamanca;Mujeres;2002;177.912
37 Salamanca;Mujeres;2001;179.565
37 Salamanca;Mujeres;2000;179.376
37 Salamanca;Mujeres;1999;180.051
37 Salamanca;Mujeres;1998;179.398
37 Salamanca;Mujeres;1997;""
37 Salamanca;Mujeres;1996;180.949
38 Santa Cruz de Tenerife;Hombres;2021;512.899
38 Santa Cruz de Tenerife;Hombres;2020;513.491
38 Santa Cruz de Tenerife;Hombres;2019;508.197
38 Santa Cruz de Tenerife;Hombres;2018;501.477
38 Santa Cruz de Tenerife;Hombres;2017;496.397
38 Santa Cruz de Tenerife;Hombres;2016;494.910
38 Santa Cruz de Tenerife;Hombres;2015;494.354
38 Santa Cruz de Tenerife;Hombres;2014;496.207
38 Santa Cruz de Tenerife;Hombres;2013;502.292
38 Santa Cruz de Tenerife;Hombres;2012;504.055
38 Santa Cruz de Tenerife;Hombres;2011;510.350
38 Santa Cruz de Tenerife;Hombres;2010;510.007
38 Santa Cruz de Tenerife;Hombres;2009;506.646
38 Santa Cruz de Tenerife;Hombres;2008;500.032
38 Santa Cruz de Tenerife;Hombres;2007;489.144
38 Santa Cruz de Tenerife;Hombres;2006;483.730
38 Santa Cruz de Tenerife;Hombres;2005;476.243
38 Santa Cruz de Tenerife;Hombres;2004;461.793
38 Santa Cruz de Tenerife;Hombres;2003;454.916
38 Santa Cruz de Tenerife;Hombres;2002;442.933
38 Santa Cruz de Tenerife;Hombres;2001;424.015
38 Santa Cruz de Tenerife;Hombres;2000;403.529
38 Santa Cruz de Tenerife;Hombres;1999;393.761
38 Santa Cruz de Tenerife;Hombres;1998;382.832
38 Santa Cruz de Tenerife;Hombres;1997;""
38 Santa Cruz de Tenerife;Hombres;1996;379.557
38 Santa Cruz de Tenerife;Mujeres;2021;531.506
38 Santa Cruz de Tenerife;Mujeres;2020;531.396
38 Santa Cruz de Tenerife;Mujeres;2019;524.786
38 Santa Cruz de Tenerife;Mujeres;2018;517.033
38 Santa Cruz de Tenerife;Mujeres;2017;511.244
38 Santa Cruz de Tenerife;Mujeres;2016;509.214
38 Santa Cruz de Tenerife;Mujeres;2015;507.546
38 Santa Cruz de Tenerife;Mujeres;2014;508.581
38 Santa Cruz de Tenerife;Mujeres;2013;512.537
38 Santa Cruz de Tenerife;Mujeres;2012;513.476
38 Santa Cruz de Tenerife;Mujeres;2011;519.439
38 Santa Cruz de Tenerife;Mujeres;2010;517.907
38 Santa Cruz de Tenerife;Mujeres;2009;513.844
38 Santa Cruz de Tenerife;Mujeres;2008;505.904
38 Santa Cruz de Tenerife;Mujeres;2007;494.676
38 Santa Cruz de Tenerife;Mujeres;2006;487.917
38 Santa Cruz de Tenerife;Mujeres;2005;480.109
38 Santa Cruz de Tenerife;Mujeres;2004;466.619
38 Santa Cruz de Tenerife;Mujeres;2003;460.346
38 Santa Cruz de Tenerife;Mujeres;2002;449.785
38 Santa Cruz de Tenerife;Mujeres;2001;432.793
38 Santa Cruz de Tenerife;Mujeres;2000;415.152
38 Santa Cruz de Tenerife;Mujeres;1999;406.259
38 Santa Cruz de Tenerife;Mujeres;1998;397.320
38 Santa Cruz de Tenerife;Mujeres;1997;""
38 Santa Cruz de Tenerife;Mujeres;1996;392.892
40 Segovia;Hombres;2021;77.071
40 Segovia;Hombres;2020;77.033
40 Segovia;Hombres;2019;76.813
40 Segovia;Hombres;2018;76.979
40 Segovia;Hombres;2017;77.443
40 Segovia;Hombres;2016;78.271
40 Segovia;Hombres;2015;79.355
40 Segovia;Hombres;2014;80.316
40 Segovia;Hombres;2013;81.598
40 Segovia;Hombres;2012;82.695
40 Segovia;Hombres;2011;82.967
40 Segovia;Hombres;2010;83.034
40 Segovia;Hombres;2009;83.636
40 Segovia;Hombres;2008;83.252
40 Segovia;Hombres;2007;80.492
40 Segovia;Hombres;2006;78.982
40 Segovia;Hombres;2005;78.308
40 Segovia;Hombres;2004;76.724
40 Segovia;Hombres;2003;75.656
40 Segovia;Hombres;2002;74.815
40 Segovia;Hombres;2001;73.555
40 Segovia;Hombres;2000;73.300
40 Segovia;Hombres;1999;73.506
40 Segovia;Hombres;1998;73.410
40 Segovia;Hombres;1997;""
40 Segovia;Hombres;1996;73.883
40 Segovia;Mujeres;2021;76.592
40 Segovia;Mujeres;2020;76.445
40 Segovia;Mujeres;2019;76.316
40 Segovia;Mujeres;2018;76.363
40 Segovia;Mujeres;2017;76.741
40 Segovia;Mujeres;2016;77.381
40 Segovia;Mujeres;2015;78.215
40 Segovia;Mujeres;2014;78.987
40 Segovia;Mujeres;2013;80.104
40 Segovia;Mujeres;2012;81.006
40 Segovia;Mujeres;2011;81.202
40 Segovia;Mujeres;2010;81.234
40 Segovia;Mujeres;2009;81.218
40 Segovia;Mujeres;2008;80.647
40 Segovia;Mujeres;2007;78.830
40 Segovia;Mujeres;2006;77.616
40 Segovia;Mujeres;2005;77.209
40 Segovia;Mujeres;2004;75.916
40 Segovia;Mujeres;2003;75.045
40 Segovia;Mujeres;2002;74.471
40 Segovia;Mujeres;2001;73.473
40 Segovia;Mujeres;2000;73.313
40 Segovia;Mujeres;1999;73.479
40 Segovia;Mujeres;1998;73.345
40 Segovia;Mujeres;1997;""
40 Segovia;Mujeres;1996;73.887
41 Sevilla;Hombres;2021;951.083
41 Sevilla;Hombres;2020;952.695
41 Sevilla;Hombres;2019;949.212
41 Sevilla;Hombres;2018;948.699
41 Sevilla;Hombres;2017;948.817
41 Sevilla;Hombres;2016;949.432
41 Sevilla;Hombres;2015;950.587
41 Sevilla;Hombres;2014;950.883
41 Sevilla;Hombres;2013;951.597
41 Sevilla;Hombres;2012;950.413
41 Sevilla;Hombres;2011;945.766
41 Sevilla;Hombres;2010;940.416
41 Sevilla;Hombres;2009;932.941
41 Sevilla;Hombres;2008;921.256
41 Sevilla;Hombres;2007;907.853
41 Sevilla;Hombres;2006;900.967
41 Sevilla;Hombres;2005;890.627
41 Sevilla;Hombres;2004;880.133
41 Sevilla;Hombres;2003;875.013
41 Sevilla;Hombres;2002;862.811
41 Sevilla;Hombres;2001;856.878
41 Sevilla;Hombres;2000;850.274
41 Sevilla;Hombres;1999;846.224
41 Sevilla;Hombres;1998;840.910
41 Sevilla;Hombres;1997;""
41 Sevilla;Hombres;1996;836.478
41 Sevilla;Mujeres;2021;996.769
41 Sevilla;Mujeres;2020;997.524
41 Sevilla;Mujeres;2019;993.177
41 Sevilla;Mujeres;2018;991.188
41 Sevilla;Mujeres;2017;990.710
41 Sevilla;Mujeres;2016;990.343
41 Sevilla;Mujeres;2015;990.893
41 Sevilla;Mujeres;2014;990.472
41 Sevilla;Mujeres;2013;990.558
41 Sevilla;Mujeres;2012;988.561
41 Sevilla;Mujeres;2011;983.196
41 Sevilla;Mujeres;2010;976.681
41 Sevilla;Mujeres;2009;967.283
41 Sevilla;Mujeres;2008;954.206
41 Sevilla;Mujeres;2007;941.415
41 Sevilla;Mujeres;2006;934.110
41 Sevilla;Mujeres;2005;923.281
41 Sevilla;Mujeres;2004;912.287
41 Sevilla;Mujeres;2003;907.849
41 Sevilla;Mujeres;2002;895.909
41 Sevilla;Mujeres;2001;890.563
41 Sevilla;Mujeres;2000;884.643
41 Sevilla;Mujeres;1999;879.258
41 Sevilla;Mujeres;1998;873.935
41 Sevilla;Mujeres;1997;""
41 Sevilla;Mujeres;1996;868.842
42 Soria;Hombres;2021;44.920
42 Soria;Hombres;2020;44.927
42 Soria;Hombres;2019;44.814
42 Soria;Hombres;2018;44.800
42 Soria;Hombres;2017;44.986
42 Soria;Hombres;2016;45.595
42 Soria;Hombres;2015;46.077
42 Soria;Hombres;2014;46.723
42 Soria;Hombres;2013;47.336
42 Soria;Hombres;2012;47.979
42 Soria;Hombres;2011;48.347
42 Soria;Hombres;2010;48.400
42 Soria;Hombres;2009;48.286
42 Soria;Hombres;2008;47.881
42 Soria;Hombres;2007;47.174
42 Soria;Hombres;2006;47.110
42 Soria;Hombres;2005;46.693
42 Soria;Hombres;2004;46.048
42 Soria;Hombres;2003;45.651
42 Soria;Hombres;2002;45.860
42 Soria;Hombres;2001;45.649
42 Soria;Hombres;2000;45.398
42 Soria;Hombres;1999;45.587
42 Soria;Hombres;1998;45.690
42 Soria;Hombres;1997;""
42 Soria;Hombres;1996;46.321
42 Soria;Mujeres;2021;43.827
42 Soria;Mujeres;2020;43.957
42 Soria;Mujeres;2019;43.822
42 Soria;Mujeres;2018;43.800
42 Soria;Mujeres;2017;43.917
42 Soria;Mujeres;2016;44.445
42 Soria;Mujeres;2015;44.929
42 Soria;Mujeres;2014;45.498
42 Soria;Mujeres;2013;45.955
42 Soria;Mujeres;2012;46.543
42 Soria;Mujeres;2011;46.876
42 Soria;Mujeres;2010;46.858
42 Soria;Mujeres;2009;46.815
42 Soria;Mujeres;2008;46.765
42 Soria;Mujeres;2007;46.419
42 Soria;Mujeres;2006;46.393
42 Soria;Mujeres;2005;46.080
42 Soria;Mujeres;2004;45.604
42 Soria;Mujeres;2003;45.303
42 Soria;Mujeres;2002;45.627
42 Soria;Mujeres;2001;45.665
42 Soria;Mujeres;2000;45.513
42 Soria;Mujeres;1999;45.665
42 Soria;Mujeres;1998;45.903
42 Soria;Mujeres;1997;""
42 Soria;Mujeres;1996;46.527
43 Tarragona;Hombres;2021;410.656
43 Tarragona;Hombres;2020;408.142
43 Tarragona;Hombres;2019;401.258
43 Tarragona;Hombres;2018;396.661
43 Tarragona;Hombres;2017;394.905
43 Tarragona;Hombres;2016;395.737
43 Tarragona;Hombres;2015;397.730
43 Tarragona;Hombres;2014;401.634
43 Tarragona;Hombres;2013;407.451
43 Tarragona;Hombres;2012;410.461
43 Tarragona;Hombres;2011;409.732
43 Tarragona;Hombres;2010;409.041
43 Tarragona;Hombres;2009;407.904
43 Tarragona;Hombres;2008;402.024
43 Tarragona;Hombres;2007;385.081
43 Tarragona;Hombres;2006;370.676
43 Tarragona;Hombres;2005;356.897
43 Tarragona;Hombres;2004;339.607
43 Tarragona;Hombres;2003;328.991
43 Tarragona;Hombres;2002;316.447
43 Tarragona;Hombres;2001;305.689
43 Tarragona;Hombres;2000;297.745
43 Tarragona;Hombres;1999;292.693
43 Tarragona;Hombres;1998;288.339
43 Tarragona;Hombres;1997;""
43 Tarragona;Hombres;1996;284.930
43 Tarragona;Mujeres;2021;411.653
43 Tarragona;Mujeres;2020;408.630
43 Tarragona;Mujeres;2019;403.406
43 Tarragona;Mujeres;2018;399.241
43 Tarragona;Mujeres;2017;396.788
43 Tarragona;Mujeres;2016;396.562
43 Tarragona;Mujeres;2015;397.371
43 Tarragona;Mujeres;2014;399.328
43 Tarragona;Mujeres;2013;402.727
43 Tarragona;Mujeres;2012;403.738
43 Tarragona;Mujeres;2011;401.669
43 Tarragona;Mujeres;2010;399.379
43 Tarragona;Mujeres;2009;395.397
43 Tarragona;Mujeres;2008;386.871
43 Tarragona;Mujeres;2007;372.714
43 Tarragona;Mujeres;2006;359.790
43 Tarragona;Mujeres;2005;348.010
43 Tarragona;Mujeres;2004;334.537
43 Tarragona;Mujeres;2003;325.158
43 Tarragona;Mujeres;2002;314.709
43 Tarragona;Mujeres;2001;306.397
43 Tarragona;Mujeres;2000;300.788
43 Tarragona;Mujeres;1999;295.806
43 Tarragona;Mujeres;1998;291.906
43 Tarragona;Mujeres;1997;""
43 Tarragona;Mujeres;1996;289.746
44 Teruel;Hombres;2021;68.287
44 Teruel;Hombres;2020;67.975
44 Teruel;Hombres;2019;67.927
44 Teruel;Hombres;2018;68.060
44 Teruel;Hombres;2017;68.684
44 Teruel;Hombres;2016;69.504
44 Teruel;Hombres;2015;70.605
44 Teruel;Hombres;2014;71.449
44 Teruel;Hombres;2013;72.529
44 Teruel;Hombres;2012;73.478
44 Teruel;Hombres;2011;74.008
44 Teruel;Hombres;2010;74.563
44 Teruel;Hombres;2009;75.733
44 Teruel;Hombres;2008;75.777
44 Teruel;Hombres;2007;74.262
44 Teruel;Hombres;2006;73.069
44 Teruel;Hombres;2005;72.273
44 Teruel;Hombres;2004;71.073
44 Teruel;Hombres;2003;70.641
44 Teruel;Hombres;2002;69.682
44 Teruel;Hombres;2001;68.877
44 Teruel;Hombres;2000;68.900
44 Teruel;Hombres;1999;69.032
44 Teruel;Hombres;1998;68.995
44 Teruel;Hombres;1997;""
44 Teruel;Hombres;1996;69.530
44 Teruel;Mujeres;2021;66.258
44 Teruel;Mujeres;2020;66.201
44 Teruel;Mujeres;2019;66.210
44 Teruel;Mujeres;2018;66.512
44 Teruel;Mujeres;2017;66.878
44 Teruel;Mujeres;2016;67.473
44 Teruel;Mujeres;2015;68.327
44 Teruel;Mujeres;2014;68.916
44 Teruel;Mujeres;2013;69.654
44 Teruel;Mujeres;2012;70.250
44 Teruel;Mujeres;2011;70.599
44 Teruel;Mujeres;2010;70.714
44 Teruel;Mujeres;2009;71.018
44 Teruel;Mujeres;2008;70.547
44 Teruel;Mujeres;2007;69.784
44 Teruel;Mujeres;2006;69.091
44 Teruel;Mujeres;2005;68.818
44 Teruel;Mujeres;2004;68.260
44 Teruel;Mujeres;2003;68.045
44 Teruel;Mujeres;2002;67.660
44 Teruel;Mujeres;2001;67.356
44 Teruel;Mujeres;2000;67.573
44 Teruel;Mujeres;1999;67.817
44 Teruel;Mujeres;1998;67.845
44 Teruel;Mujeres;1997;""
44 Teruel;Mujeres;1996;68.681
45 Toledo;Hombres;2021;356.418
45 Toledo;Hombres;2020;353.548
45 Toledo;Hombres;2022;25000000
45 Toledo;Mujeres;2022;27000000
45 Toledo;Hombres;2019;349.090
45 Toledo;Hombres;2018;345.532
45 Toledo;Hombres;2017;345.528
45 Toledo;Hombres;2016;346.672
45 Toledo;Hombres;2015;349.553
45 Toledo;Hombres;2014;352.949
45 Toledo;Hombres;2013;357.149
45 Toledo;Hombres;2012;360.472
45 Toledo;Hombres;2011;358.536
45 Toledo;Hombres;2010;354.101
45 Toledo;Hombres;2009;350.578
45 Toledo;Hombres;2008;341.277
45 Toledo;Hombres;2007;323.992
45 Toledo;Hombres;2006;310.832
45 Toledo;Hombres;2005;301.563
45 Toledo;Hombres;2004;290.395
45 Toledo;Hombres;2003;282.453
45 Toledo;Hombres;2002;273.893
45 Toledo;Hombres;2001;268.082
45 Toledo;Hombres;2000;263.194
45 Toledo;Hombres;1999;260.884
45 Toledo;Hombres;1998;258.829
45 Toledo;Hombres;1997;""
45 Toledo;Hombres;1996;256.792
45 Toledo;Mujeres;2021;352.985
45 Toledo;Mujeres;2020;350.224
45 Toledo;Mujeres;2019;345.754
45 Toledo;Mujeres;2018;341.859
45 Toledo;Mujeres;2017;341.313
45 Toledo;Mujeres;2016;342.000
45 Toledo;Mujeres;2015;343.818
45 Toledo;Mujeres;2014;346.187
45 Toledo;Mujeres;2013;349.258
45 Toledo;Mujeres;2012;350.756
45 Toledo;Mujeres;2011;348.706
45 Toledo;Mujeres;2010;343.858
45 Toledo;Mujeres;2009;339.057
45 Toledo;Mujeres;2008;328.926
45 Toledo;Mujeres;2007;315.629
45 Toledo;Mujeres;2006;304.786
45 Toledo;Mujeres;2005;296.693
45 Toledo;Mujeres;2004;287.665
45 Toledo;Mujeres;2003;280.646
45 Toledo;Mujeres;2002;272.645
45 Toledo;Mujeres;2001;268.049
45 Toledo;Mujeres;2000;264.771
45 Toledo;Mujeres;1999;262.575
45 Toledo;Mujeres;1998;260.835
45 Toledo;Mujeres;1997;""
45 Toledo;Mujeres;1996;259.088
46 Valencia/València;Hombres;2021;1.267.961
46 Valencia/València;Hombres;2020;1.269.466
46 Valencia/València;Hombres;2019;1.256.350
46 Valencia/València;Hombres;2018;1.248.927
46 Valencia/València;Hombres;2017;1.246.025
46 Valencia/València;Hombres;2016;1.249.773
46 Valencia/València;Hombres;2015;1.250.165
46 Valencia/València;Hombres;2014;1.253.758
46 Valencia/València;Hombres;2013;1.264.620
46 Valencia/València;Hombres;2012;1.274.240
46 Valencia/València;Hombres;2011;1.274.365
46 Valencia/València;Hombres;2010;1.277.726
46 Valencia/València;Hombres;2009;1.276.238
46 Valencia/València;Hombres;2008;1.261.081
46 Valencia/València;Hombres;2007;1.230.628
46 Valencia/València;Hombres;2006;1.220.105
46 Valencia/València;Hombres;2005;1.193.569
46 Valencia/València;Hombres;2004;1.162.145
46 Valencia/València;Hombres;2003;1.141.901
46 Valencia/València;Hombres;2002;1.113.300
46 Valencia/València;Hombres;2001;1.090.165
46 Valencia/València;Hombres;2000;1.074.701
46 Valencia/València;Hombres;1999;1.067.747
46 Valencia/València;Hombres;1998;1.060.156
46 Valencia/València;Hombres;1997;""
46 Valencia/València;Hombres;1996;1.059.657
46 Valencia/València;Mujeres;2021;1.321.351
46 Valencia/València;Mujeres;2020;1.322.409
46 Valencia/València;Mujeres;2019;1.308.774
46 Valencia/València;Mujeres;2018;1.299.059
46 Valencia/València;Mujeres;2017;1.294.682
46 Valencia/València;Mujeres;2016;1.294.491
46 Valencia/València;Mujeres;2015;1.293.150
46 Valencia/València;Mujeres;2014;1.295.140
46 Valencia/València;Mujeres;2013;1.301.854
46 Valencia/València;Mujeres;2012;1.306.552
46 Valencia/València;Mujeres;2011;1.304.354
46 Valencia/València;Mujeres;2010;1.303.421
46 Valencia/València;Mujeres;2009;1.299.124
46 Valencia/València;Mujeres;2008;1.282.128
46 Valencia/València;Mujeres;2007;1.255.855
46 Valencia/València;Mujeres;2006;1.243.487
46 Valencia/València;Mujeres;2005;1.223.059
46 Valencia/València;Mujeres;2004;1.196.774
46 Valencia/València;Mujeres;2003;1.178.396
46 Valencia/València;Mujeres;2002;1.154.203
46 Valencia/València;Mujeres;2001;1.137.005
46 Valencia/València;Mujeres;2000;1.126.499
46 Valencia/València;Mujeres;1999;1.119.886
46 Valencia/València;Mujeres;1998;1.112.640
46 Valencia/València;Mujeres;1997;""
46 Valencia/València;Mujeres;1996;1.113.183
47 Valladolid;Hombres;2021;252.843
47 Valladolid;Hombres;2020;253.540
47 Valladolid;Hombres;2019;253.216
47 Valladolid;Hombres;2018;253.356
47 Valladolid;Hombres;2017;254.146
47 Valladolid;Hombres;2016;255.591
47 Valladolid;Hombres;2015;256.999
47 Valladolid;Hombres;2014;258.865
47 Valladolid;Hombres;2013;260.619
47 Valladolid;Hombres;2012;261.941
47 Valladolid;Hombres;2011;262.609
47 Valladolid;Hombres;2010;262.141
47 Valladolid;Hombres;2009;261.785
47 Valladolid;Hombres;2008;260.075
47 Valladolid;Hombres;2007;255.983
47 Valladolid;Hombres;2006;254.897
47 Valladolid;Hombres;2005;252.689
47 Valladolid;Hombres;2004;250.782
47 Valladolid;Hombres;2003;248.614
47 Valladolid;Hombres;2002;245.858
47 Valladolid;Hombres;2001;244.031
47 Valladolid;Hombres;2000;242.888
47 Valladolid;Hombres;1999;242.546
47 Valladolid;Hombres;1998;241.382
47 Valladolid;Hombres;1997;""
47 Valladolid;Hombres;1996;240.565
47 Valladolid;Mujeres;2021;266.518
47 Valladolid;Mujeres;2020;267.109
47 Valladolid;Mujeres;2019;266.330
47 Valladolid;Mujeres;2018;266.495
47 Valladolid;Mujeres;2017;266.984
47 Valladolid;Mujeres;2016;268.088
47 Valladolid;Mujeres;2015;269.289
47 Valladolid;Mujeres;2014;270.292
47 Valladolid;Mujeres;2013;271.665
47 Valladolid;Mujeres;2012;272.339
47 Valladolid;Mujeres;2011;272.265
47 Valladolid;Mujeres;2010;271.499
47 Valladolid;Mujeres;2009;270.790
47 Valladolid;Mujeres;2008;268.944
47 Valladolid;Mujeres;2007;265.678
47 Valladolid;Mujeres;2006;264.352
47 Valladolid;Mujeres;2005;261.985
47 Valladolid;Mujeres;2004;260.081
47 Valladolid;Mujeres;2003;257.688
47 Valladolid;Mujeres;2002;255.299
47 Valladolid;Mujeres;2001;253.930
47 Valladolid;Mujeres;2000;252.802
47 Valladolid;Mujeres;1999;252.048
47 Valladolid;Mujeres;1998;250.647
47 Valladolid;Mujeres;1997;""
47 Valladolid;Mujeres;1996;249.640
49 Zamora;Hombres;2021;83.551
49 Zamora;Hombres;2020;84.369
49 Zamora;Hombres;2019;85.341
49 Zamora;Hombres;2018;86.319
49 Zamora;Hombres;2017;87.808
49 Zamora;Hombres;2016;89.321
49 Zamora;Hombres;2015;90.888
49 Zamora;Hombres;2014;91.871
49 Zamora;Hombres;2013;93.336
49 Zamora;Hombres;2012;95.100
49 Zamora;Hombres;2011;95.993
49 Zamora;Hombres;2010;96.427
49 Zamora;Hombres;2009;97.144
49 Zamora;Hombres;2008;98.103
49 Zamora;Hombres;2007;97.807
49 Zamora;Hombres;2006;97.766
49 Zamora;Hombres;2005;97.941
49 Zamora;Hombres;2004;98.105
49 Zamora;Hombres;2003;98.684
49 Zamora;Hombres;2002;99.071
49 Zamora;Hombres;2001;99.829
49 Zamora;Hombres;2000;100.258
49 Zamora;Hombres;1999;100.876
49 Zamora;Hombres;1998;101.213
49 Zamora;Hombres;1997;""
49 Zamora;Hombres;1996;102.214
49 Zamora;Mujeres;2021;85.174
49 Zamora;Mujeres;2020;86.219
49 Zamora;Mujeres;2019;87.198
49 Zamora;Mujeres;2018;88.230
49 Zamora;Mujeres;2017;89.596
49 Zamora;Mujeres;2016;91.085
49 Zamora;Mujeres;2015;92.548
49 Zamora;Mujeres;2014;93.561
49 Zamora;Mujeres;2013;94.934
49 Zamora;Mujeres;2012;96.512
49 Zamora;Mujeres;2011;97.390
49 Zamora;Mujeres;2010;97.787
49 Zamora;Mujeres;2009;98.521
49 Zamora;Mujeres;2008;99.118
49 Zamora;Mujeres;2007;99.430
49 Zamora;Mujeres;2006;99.726
49 Zamora;Mujeres;2005;100.104
49 Zamora;Mujeres;2004;100.419
49 Zamora;Mujeres;2003;101.004
49 Zamora;Mujeres;2002;101.607
49 Zamora;Mujeres;2001;102.527
49 Zamora;Mujeres;2000;103.211
49 Zamora;Mujeres;1999;103.774
49 Zamora;Mujeres;1998;103.988
49 Zamora;Mujeres;1997;""
49 Zamora;Mujeres;1996;105.261
50 Zaragoza;Hombres;2021;473.354
50 Zaragoza;Hombres;2020;475.602
50 Zaragoza;Hombres;2019;471.539
50 Zaragoza;Hombres;2018;466.839
50 Zaragoza;Hombres;2017;466.357
50 Zaragoza;Hombres;2016;466.105
50 Zaragoza;Hombres;2015;469.456
50 Zaragoza;Hombres;2014;471.675
50 Zaragoza;Hombres;2013;482.677
50 Zaragoza;Hombres;2012;482.908
50 Zaragoza;Hombres;2011;481.054
50 Zaragoza;Hombres;2010;482.090
50 Zaragoza;Hombres;2009;481.456
50 Zaragoza;Hombres;2008;473.687
50 Zaragoza;Hombres;2007;460.756
50 Zaragoza;Hombres;2006;452.607
50 Zaragoza;Hombres;2005;450.006
50 Zaragoza;Hombres;2004;441.840
50 Zaragoza;Hombres;2003;432.607
50 Zaragoza;Hombres;2002;427.901
50 Zaragoza;Hombres;2001;420.094
50 Zaragoza;Hombres;2000;414.002
50 Zaragoza;Hombres;1999;412.194
50 Zaragoza;Hombres;1998;410.517
50 Zaragoza;Hombres;1997;""
50 Zaragoza;Hombres;1996;411.029
50 Zaragoza;Mujeres;2021;494.098
50 Zaragoza;Mujeres;2020;496.926
50 Zaragoza;Mujeres;2019;493.154
50 Zaragoza;Mujeres;2018;487.972
50 Zaragoza;Mujeres;2017;487.129
50 Zaragoza;Mujeres;2016;484.402
50 Zaragoza;Mujeres;2015;486.550
50 Zaragoza;Mujeres;2014;488.436
50 Zaragoza;Mujeres;2013;495.961
50 Zaragoza;Mujeres;2012;495.222
50 Zaragoza;Mujeres;2011;492.271
50 Zaragoza;Mujeres;2010;491.162
50 Zaragoza;Mujeres;2009;488.857
50 Zaragoza;Mujeres;2008;481.636
50 Zaragoza;Mujeres;2007;471.746
50 Zaragoza;Mujeres;2006;464.681
50 Zaragoza;Mujeres;2005;462.066
50 Zaragoza;Mujeres;2004;455.510
50 Zaragoza;Mujeres;2003;447.511
50 Zaragoza;Mujeres;2002;443.308
50 Zaragoza;Mujeres;2001;437.471
50 Zaragoza;Mujeres;2000;434.004
50 Zaragoza;Mujeres;1999;432.377
50 Zaragoza;Mujeres;1998;430.921
50 Zaragoza;Mujeres;1997;""
50 Zaragoza;Mujeres;1996;431.390
51 Ceuta;Hombres;2021;42.208
51 Ceuta;Hombres;2020;42.542
51 Ceuta;Hombres;2019;42.912
51 Ceuta;Hombres;2018;43.177
51 Ceuta;Hombres;2017;43.034
51 Ceuta;Hombres;2016;42.846
51 Ceuta;Hombres;2015;42.757
51 Ceuta;Hombres;2014;43.354
51 Ceuta;Hombres;2013;43.060
51 Ceuta;Hombres;2012;42.948
51 Ceuta;Hombres;2011;42.165
51 Ceuta;Hombres;2010;41.269
51 Ceuta;Hombres;2009;40.118
51 Ceuta;Hombres;2008;39.385
51 Ceuta;Hombres;2007;38.913
51 Ceuta;Hombres;2006;38.581
51 Ceuta;Hombres;2005;38.315
51 Ceuta;Hombres;2004;38.113
51 Ceuta;Hombres;2003;38.395
51 Ceuta;Hombres;2002;39.195
51 Ceuta;Hombres;2001;38.884
51 Ceuta;Hombres;2000;38.497
51 Ceuta;Hombres;1999;37.115
51 Ceuta;Hombres;1998;36.102
51 Ceuta;Hombres;1997;""
51 Ceuta;Hombres;1996;34.229
51 Ceuta;Mujeres;2021;41.309
51 Ceuta;Mujeres;2020;41.660
51 Ceuta;Mujeres;2019;41.865
51 Ceuta;Mujeres;2018;41.967
51 Ceuta;Mujeres;2017;41.925
51 Ceuta;Mujeres;2016;41.673
51 Ceuta;Mujeres;2015;41.506
51 Ceuta;Mujeres;2014;41.609
51 Ceuta;Mujeres;2013;41.120
51 Ceuta;Mujeres;2012;41.070
51 Ceuta;Mujeres;2011;40.211
51 Ceuta;Mujeres;2010;39.310
51 Ceuta;Mujeres;2009;38.556
51 Ceuta;Mujeres;2008;38.004
51 Ceuta;Mujeres;2007;37.690
51 Ceuta;Mujeres;2006;37.280
51 Ceuta;Mujeres;2005;36.961
51 Ceuta;Mujeres;2004;36.541
51 Ceuta;Mujeres;2003;36.536
51 Ceuta;Mujeres;2002;36.957
51 Ceuta;Mujeres;2001;36.810
51 Ceuta;Mujeres;2000;36.744
51 Ceuta;Mujeres;1999;36.589
51 Ceuta;Mujeres;1998;36.015
51 Ceuta;Mujeres;1997;""
51 Ceuta;Mujeres;1996;34.567
52 Melilla;Hombres;2021;43.603
52 Melilla;Hombres;2020;44.162
52 Melilla;Hombres;2019;43.894
52 Melilla;Hombres;2018;43.765
52 Melilla;Hombres;2017;43.629
52 Melilla;Hombres;2016;43.768
52 Melilla;Hombres;2015;43.593
52 Melilla;Hombres;2014;43.075
52 Melilla;Hombres;2013;43.017
52 Melilla;Hombres;2012;41.569
52 Melilla;Hombres;2011;40.256
52 Melilla;Hombres;2010;38.819
52 Melilla;Hombres;2009;37.244
52 Melilla;Hombres;2008;36.336
52 Melilla;Hombres;2007;35.208
52 Melilla;Hombres;2006;33.962
52 Melilla;Hombres;2005;33.322
52 Melilla;Hombres;2004;34.455
52 Melilla;Hombres;2003;34.737
52 Melilla;Hombres;2002;35.178
52 Melilla;Hombres;2001;35.027
52 Melilla;Hombres;2000;33.976
52 Melilla;Hombres;1999;28.952
52 Melilla;Hombres;1998;30.569
52 Melilla;Hombres;1997;""
52 Melilla;Hombres;1996;29.647
52 Melilla;Mujeres;2021;42.658
52 Melilla;Mujeres;2020;42.914
52 Melilla;Mujeres;2019;42.593
52 Melilla;Mujeres;2018;42.619
52 Melilla;Mujeres;2017;42.491
52 Melilla;Mujeres;2016;42.258
52 Melilla;Mujeres;2015;41.991
52 Melilla;Mujeres;2014;41.434
52 Melilla;Mujeres;2013;40.662
52 Melilla;Mujeres;2012;39.233
52 Melilla;Mujeres;2011;38.220
52 Melilla;Mujeres;2010;37.215
52 Melilla;Mujeres;2009;36.216
52 Melilla;Mujeres;2008;35.112
52 Melilla;Mujeres;2007;34.232
52 Melilla;Mujeres;2006;32.909
52 Melilla;Mujeres;2005;32.166
52 Melilla;Mujeres;2004;33.561
52 Melilla;Mujeres;2003;33.726
52 Melilla;Mujeres;2002;34.006
52 Melilla;Mujeres;2001;33.762
52 Melilla;Mujeres;2000;32.287
52 Melilla;Mujeres;1999;27.977
52 Melilla;Mujeres;1998;29.539
52 Melilla;Mujeres;1997;""
52 Melilla;Mujeres;1996;29.929
